campaign_id,campaign_name,adset_id,adset_name,date_start,date_stop,spend,impressions,reach,clicks,ctr,cpc,cpm,frequency,inline_link_clicks,actions.link_click,actions.page_engagement,actions.post_engagement,actions.video_view,publisher_platform,platform_position,actions.onsite_conversion.messaging_block,actions.onsite_conversion.post_unlike,actions.post_interaction_gross,actions.post_interaction_net,actions.post,actions.onsite_conversion.post_save,actions.onsite_conversion.post_net_save,actions.onsite_conversion.post_net_like,actions.post_reaction,actions.omni_search,actions.offsite_conversion.fb_pixel_search,actions.landing_page_view,actions.add_to_cart,actions.omni_landing_page_view,actions.onsite_web_view_content,actions.onsite_web_add_to_cart,actions.onsite_web_app_view_content,actions.view_content,actions.onsite_web_app_add_to_cart,actions.offsite_search_add_meta_leads,actions.omni_add_to_cart,actions.offsite_content_view_add_meta_leads,actions.onsite_conversion.messaging_conversation_started_7d,actions.search,actions.omni_view_content,actions.offsite_conversion.fb_pixel_view_content,actions.offsite_conversion.fb_pixel_add_to_cart,action_values.onsite_web_app_add_to_cart,action_values.offsite_conversion.fb_pixel_view_content,action_values.omni_view_content,action_values.add_to_cart,action_values.offsite_conversion.fb_pixel_add_to_cart,action_values.view_content,action_values.onsite_web_view_content,action_values.onsite_web_app_view_content,action_values.omni_add_to_cart,action_values.onsite_web_add_to_cart,actions.onsite_conversion.post_unsave,actions.web_in_store_purchase,actions.omni_purchase,actions.omni_initiated_checkout,actions.purchase,actions.offsite_conversion.fb_pixel_add_payment_info,actions.onsite_web_app_purchase,actions.offsite_conversion.fb_pixel_purchase,actions.web_app_in_store_purchase,actions.onsite_web_initiate_checkout,actions.onsite_web_purchase,actions.add_payment_info,actions.offsite_conversion.fb_pixel_initiate_checkout,actions.initiate_checkout,action_values.onsite_web_app_purchase,action_values.onsite_web_initiate_checkout,action_values.add_payment_info,action_values.omni_initiated_checkout,action_values.web_app_in_store_purchase,action_values.onsite_web_purchase,action_values.purchase,action_values.offsite_conversion.fb_pixel_initiate_checkout,action_values.offsite_conversion.fb_pixel_add_payment_info,action_values.offsite_conversion.fb_pixel_purchase,action_values.initiate_checkout,action_values.omni_purchase,action_values.web_in_store_purchase,actions.comment,actions.onsite_conversion.post_net_comment,actions.onsite_conversion.messaging_user_depth_3_message_send,actions.onsite_conversion.total_messaging_connection,actions.like,actions.onsite_conversion.messaging_user_depth_2_message_send,actions.onsite_conversion.messaging_first_reply,actions.onsite_conversion.messaging_conversation_replied_7d,actions.onsite_conversion.messaging_user_depth_5_message_send
120234709150710627,Isak | insta visit | Sep 10,120234709150700627,Advantage | sep,2026-04-13,2026-04-19,1.95993,157,144,4,2.547771,0.489982,12.483629,1.090278,4,4,46,46,42,facebook,facebook_reels,,,,,,,,,,,,,,,,,,,,,,,,,,,,,,,,,,,,,,,,,,,,,,,,,,,,,,,,,,,,,,,,,,,,,,,,,
120234709150710627,Isak | insta visit | Sep 10,120234709150700627,Advantage | sep,2026-04-13,2026-04-19,13.539514,820,759,19,2.317073,0.712606,16.511603,1.080369,21,21,175,175,146,instagram,feed,1,1,8,9,3,2,2,2,3,,,,,,,,,,,,,,,,,,,,,,,,,,,,,,,,,,,,,,,,,,,,,,,,,,,,,,,,,,,,,,,,
120234709150710627,Isak | insta visit | Sep 10,120234709150700627,Advantage | sep,2026-04-13,2026-04-19,0.129995,136,134,0,0,,0.955848,1.014925,0,,17,17,17,instagram,instagram_explore_grid_home,,,,,,,,,,,,,,,,,,,,,,,,,,,,,,,,,,,,,,,,,,,,,,,,,,,,,,,,,,,,,,,,,,,,,,,,,
120234709150710627,Isak | insta visit | Sep 10,120234709150700627,Advantage | sep,2026-04-13,2026-04-19,815.58075,121652,111231,946,0.777628,0.862136,6.704212,1.093688,982,982,12119,12119,9651,instagram,instagram_reels,9,147,1486,1633,35,1,1,1303,1450,1,1,29,1,29,35,1,35,35,1,1,1,35,1,1,35,35,1,390,64630,64630,390,390,64630,64630,64630,390,390,,,,,,,,,,,,,,,,,,,,,,,,,,,,,,,,,,,,
120234709150710627,Isak | insta visit | Sep 10,120234709150700627,Advantage | sep,2026-04-13,2026-04-19,562.929811,109486,105632,650,0.593683,0.866046,5.141569,1.036485,662,662,6911,6911,6248,instagram,instagram_stories,3,113,1,114,1,,,0,,,,,,,,,,,,,,,,,,,,,,,,,,,,,,,,,,,,,,,,,,,,,,,,,,,,,,,,,,,,,,,,,
120239074106550627,First_Rain_Awareness,120239074106540627,First Rain_Video_2,2026-04-13,2026-04-19,0.02,3,3,0,0,,6.666571,1,0,,,,,facebook,facebook_profile_feed,,,,,,,,,,,,,,,,,,,,,,,,,,,,,,,,,,,,,,,,,,,,,,,,,,,,,,,,,,,,,,,,,,,,,,,,,
120239074106550627,First_Rain_Awareness,120239074106540627,First Rain_Video_2,2026-04-13,2026-04-19,0.72999,309,308,0,0,,2.362426,1.003247,0,,12,12,12,facebook,facebook_reels,,,,,,,,,,,,,,,,,,,,,,,,,,,,,,,,,,,,,,,,,,,,,,,,,,,,,,,,,,,,,,,,,,,,,,,,,
120239074106550627,First_Rain_Awareness,120239074106540627,First Rain_Video_2,2026-04-13,2026-04-19,0,4,4,0,0,,0,1,0,,,,,facebook,facebook_stories,,,,,,,,,,,,,,,,,,,,,,,,,,,,,,,,,,,,,,,,,,,,,,,,,,,,,,,,,,,,,,,,,,,,,,,,,
120239074106550627,First_Rain_Awareness,120239074106540627,First Rain_Video_2,2026-04-13,2026-04-19,2.589963,1031,1010,4,0.387973,0.647491,2.512088,1.020792,1,1,53,53,52,facebook,feed,,,,,,,,,,,,,,,,,,,,,,,,,,,,,,,,,,,,,,,,,,,,,,,,,,,,,,,,,,,,,,,,,,,,,,,,,
120239074106550627,First_Rain_Awareness,120239074106540627,First Rain_Video_2,2026-04-13,2026-04-19,0.269996,150,141,0,0,,1.799974,1.06383,0,,5,5,5,facebook,marketplace,,,,,,,,,,,,,,,,,,,,,,,,,,,,,,,,,,,,,,,,,,,,,,,,,,,,,,,,,,,,,,,,,,,,,,,,,
120239074106550627,First_Rain_Awareness,120239074106540627,First Rain_Video_2,2026-04-13,2026-04-19,0.119998,64,64,0,0,,1.874973,1,0,,20,20,20,facebook,search,,,,,,,,,,,,,,,,,,,,,,,,,,,,,,,,,,,,,,,,,,,,,,,,,,,,,,,,,,,,,,,,,,,,,,,,,
120239074106550627,First_Rain_Awareness,120239074106540627,First Rain_Video_2,2026-04-13,2026-04-19,160.18771,86896,86896,73,0.084008,2.194352,1.843442,1,53,53,3175,3175,3106,instagram,feed,,4,16,21,,2,1,10,14,,,29,,29,31,,31,31,,,,31,,,31,31,,,99200,99200,,,99200,99200,99200,,,1,,,,,,,,,,,,,,,,,,,,,,,,,,,,,,,,,,,
120239074106550627,First_Rain_Awareness,120239074106540627,First Rain_Video_2,2026-04-13,2026-04-19,0,4,4,0,0,,0,1,0,,,,,instagram,instagram_explore,,,,,,,,,,,,,,,,,,,,,,,,,,,,,,,,,,,,,,,,,,,,,,,,,,,,,,,,,,,,,,,,,,,,,,,,,
120239074106550627,First_Rain_Awareness,120239074106540627,First Rain_Video_2,2026-04-13,2026-04-19,17.439751,11487,11160,0,0,,1.518216,1.029301,0,,1363,1363,1361,instagram,instagram_explore_grid_home,,,2,2,1,,,1,1,,,,,,,,,,,,,,,,,,,,,,,,,,,,,,,,,,,,,,,,,,,,,,,,,,,,,,,,,,,,,,,,
120239074106550627,First_Rain_Awareness,120239074106540627,First Rain_Video_2,2026-04-13,2026-04-19,1193.522941,613894,601660,263,0.042841,4.53811,1.944184,1.020334,108,108,11086,11086,10798,instagram,instagram_reels,,90,180,270,7,,,83,173,,,17,,17,36,,36,36,,,,36,,,36,36,,,111100,111100,,,111100,111100,111100,,,,,,,,,,,,,,,,,,,,,,,,,,,,,,,,,,,,,,
120239074106550627,First_Rain_Awareness,120239074106540627,First Rain_Video_2,2026-04-13,2026-04-19,0.369995,242,241,0,0,,1.528904,1.004149,0,,,,,instagram,instagram_search,,,,,,,,,,,,,,,,,,,,,,,,,,,,,,,,,,,,,,,,,,,,,,,,,,,,,,,,,,,,,,,,,,,,,,,,,
120239074106550627,First_Rain_Awareness,120239074106540627,First Rain_Video_2,2026-04-13,2026-04-19,22.909673,12195,12195,11,0.090201,2.082698,1.878612,1,10,10,213,213,203,instagram,instagram_stories,,4,,4,,,,0,,,,2,,2,1,,1,1,,,,1,,,1,1,,,3200,3200,,,3200,3200,3200,,,,,,,,,,,,,,,,,,,,,,,,,,,,,,,,,,,,,,
120239074106550627,First_Rain_Awareness,120239074106540627,First Rain_Video_2,2026-04-13,2026-04-19,1.149984,620,620,0,0,,1.854812,1,0,,67,67,67,threads,threads_feed,,,,,,,,,,,,,,,,,,,,,,,,,,,,,,,,,,,,,,,,,,,,,,,,,,,,,,,,,,,,,,,,,,,,,,,,,
120239074106550627,First_Rain_Awareness,120239075209110627,First Rain_Video_1,2026-04-13,2026-04-19,0.32,188,187,0,0,,1.702128,1.005348,0,,,,,facebook,facebook_profile_feed,,,,,,,,,,,,,,,,,,,,,,,,,,,,,,,,,,,,,,,,,,,,,,,,,,,,,,,,,,,,,,,,,,,,,,,,,
120239074106550627,First_Rain_Awareness,120239075209110627,First Rain_Video_1,2026-04-13,2026-04-19,267.99,142368,137817,89,0.062514,3.011124,1.882375,1.033022,17,17,53,53,,facebook,facebook_reels,,4,36,40,,,,32,36,,,2,,2,2,,2,2,,,,2,,,2,2,,,6400,6400,,,6400,6400,6400,,,,,,,,,,,,,,,,,,,,,,,,,,,,,,,,,,,,,,
120239074106550627,First_Rain_Awareness,120239075209110627,First Rain_Video_1,2026-04-13,2026-04-19,1.7,812,786,1,0.123153,1.7,2.093596,1.033079,1,1,1,1,,facebook,facebook_reels_overlay,,,,,,,,,,,,1,,1,1,,1,1,,,,1,,,1,1,,,3200,3200,,,3200,3200,3200,,,,,,,,,,,,,,,,,,,,,,,,,,,,,,,,,,,,,,
120239074106550627,First_Rain_Awareness,120239075209110627,First Rain_Video_1,2026-04-13,2026-04-19,1.67,800,762,4,0.5,0.4175,2.0875,1.049869,3,3,3,3,,facebook,facebook_stories,,,,,,,,,,,,,,,,,,,,,,,,,,,,,,,,,,,,,,,,,,,,,,,,,,,,,,,,,,,,,,,,,,,,,,,,,
120239074106550627,First_Rain_Awareness,120239075209110627,First Rain_Video_1,2026-04-13,2026-04-19,43.18,23064,22994,81,0.351197,0.533086,1.872182,1.003044,49,49,51,51,,facebook,feed,,,2,2,,,,2,2,,,9,,9,9,,9,9,,,,9,,,9,9,,,28800,28800,,,28800,28800,28800,,,,,,,,,,,,,,,,,,,,,,,,,,,,,,,,,,,,,,
120239074106550627,First_Rain_Awareness,120239075209110627,First Rain_Video_1,2026-04-13,2026-04-19,0.33,281,279,0,0,,1.174377,1.007168,0,,,,,facebook,instream_video,,,,,,,,,,,,,,,,,,,,,,,,,,,,,,,,,,,,,,,,,,,,,,,,,,,,,,,,,,,,,,,,,,,,,,,,,
120239074106550627,First_Rain_Awareness,120239075209110627,First Rain_Video_1,2026-04-13,2026-04-19,0.29,215,202,0,0,,1.348837,1.064356,0,,,,,facebook,marketplace,,,,,,,,,,,,,,,,,,,,,,,,,,,,,,,,,,,,,,,,,,,,,,,,,,,,,,,,,,,,,,,,,,,,,,,,,
120239074106550627,First_Rain_Awareness,120239075209110627,First Rain_Video_1,2026-04-13,2026-04-19,0.22,86,86,0,0,,2.55814,1,0,,,,,facebook,search,,,,,,,,,,,,,,,,,,,,,,,,,,,,,,,,,,,,,,,,,,,,,,,,,,,,,,,,,,,,,,,,,,,,,,,,,
120239074106550627,First_Rain_Awareness,120239075209110627,First Rain_Video_1,2026-04-13,2026-04-19,98.25,53746,53405,45,0.083727,2.183333,1.828043,1.006385,29,29,46,46,9,instagram,feed,,1,8,9,1,,,6,7,,,9,,9,15,,15,15,,,,15,,,15,15,,,44458.87,44458.87,,,44458.87,44458.87,44458.87,,,,,,,,,,,,,,,,,,,,,,,,,,,,,,,,,,,,,,
120239074106550627,First_Rain_Awareness,120239075209110627,First Rain_Video_1,2026-04-13,2026-04-19,0.06,30,30,0,0,,2,1,0,,,,,instagram,instagram_explore,,,,,,,,,,,,,,,,,,,,,,,,,,,,,,,,,,,,,,,,,,,,,,,,,,,,,,,,,,,,,,,,,,,,,,,,,
120239074106550627,First_Rain_Awareness,120239075209110627,First Rain_Video_1,2026-04-13,2026-04-19,945.54,485428,479939,683,0.140701,1.384392,1.947848,1.011437,567,567,654,654,,instagram,instagram_reels,,47,87,134,6,,,34,81,,,129,,129,138,,138,138,,,,138,,,138,138,,,439200,439200,,,439200,439200,439200,,,,,,,,,,,,,,,,,,,,,,,,,,,,,,,,,,,,,,
120239074106550627,First_Rain_Awareness,120239075209110627,First Rain_Video_1,2026-04-13,2026-04-19,1.81,1157,1157,0,0,,1.564391,1,0,,,,,instagram,instagram_search,,,,,,,,,,,,,,,,,,,,,,,,,,,,,,,,,,,,,,,,,,,,,,,,,,,,,,,,,,,,,,,,,,,,,,,,,
120239074106550627,First_Rain_Awareness,120239075209110627,First Rain_Video_1,2026-04-13,2026-04-19,38.41,20966,20482,24,0.114471,1.600417,1.832014,1.023631,22,22,22,22,,instagram,instagram_stories,,3,,3,,,,0,,,,2,,2,2,,2,2,,,,2,,,2,2,,,6400,6400,,,6400,6400,6400,,,,,,,,,,,,,,,,,,,,,,,,,,,,,,,,,,,,,,
120239074106550627,First_Rain_Awareness,120239075209110627,First Rain_Video_1,2026-04-13,2026-04-19,1.68,918,918,0,0,,1.830065,1,0,,,,,threads,threads_feed,,,,,,,,,,,,,,,,,,,,,,,,,,,,,,,,,,,,,,,,,,,,,,,,,,,,,,,,,,,,,,,,,,,,,,,,,
120239074106550627,First_Rain_Awareness,120239075209110627,First Rain_Video_1,2026-04-13,2026-04-19,0,0,0,0,,,,0,0,,,,,unknown,unknown,,,,,,,,,,,,,,,1,,1,1,,,,1,,,1,1,,,3200,3200,,,3200,3200,3200,,,,,,,,,,,,,,,,,,,,,,,,,,,,,,,,,,,,,,
120242255006070627,Retargeting_Ad_15Feb,120242255006080627,New Sales ad set,2026-04-13,2026-04-19,0.24,10,10,0,0,,24,1,0,,,,,audience_network,an_classic,,,,,,,,,,,,,,,,,,,,,,,,,,,,,,,,,,,,,,,,,,,,,,,,,,,,,,,,,,,,,,,,,,,,,,,,,
120242255006070627,Retargeting_Ad_15Feb,120242255006080627,New Sales ad set,2026-04-13,2026-04-19,0.17,1,1,0,0,,170,1,0,,,,,facebook,facebook_profile_feed,,,,,,,,,,,,,,,,,,,,,,,,,,,,,,,,,,,,,,,,,,,,,,,,,,,,,,,,,,,,,,,,,,,,,,,,,
120242255006070627,Retargeting_Ad_15Feb,120242255006080627,New Sales ad set,2026-04-13,2026-04-19,14.09,67,64,2,2.985075,7.045,210.298507,1.046875,3,3,3,3,,facebook,facebook_reels,,,,,,,,,,,,1,,1,1,,1,1,,,,1,,,1,1,,,700,700,,,700,700,700,,,,,,,,,,,,,,,,,,,,,,,,,,,,,,,,,,,,,,
120242255006070627,Retargeting_Ad_15Feb,120242255006080627,New Sales ad set,2026-04-13,2026-04-19,0.14,3,3,0,0,,46.666667,1,0,,,,,facebook,facebook_reels_overlay,,,,,,,,,,,,,,,,,,,,,,,,,,,,,,,,,,,,,,,,,,,,,,,,,,,,,,,,,,,,,,,,,,,,,,,,,
120242255006070627,Retargeting_Ad_15Feb,120242255006080627,New Sales ad set,2026-04-13,2026-04-19,1.09,5,5,0,0,,218,1,0,,,,,facebook,facebook_stories,,,,,,,,,,,,,,,,,,,,,,,,,,,,,,,,,,,,,,,,,,,,,,,,,,,,,,,,,,,,,,,,,,,,,,,,,
120242255006070627,Retargeting_Ad_15Feb,120242255006080627,New Sales ad set,2026-04-13,2026-04-19,318.08,980,749,16,1.632653,19.88,324.571429,1.308411,11,11,11,11,,facebook,feed,,,,,,,,,,,,8,,8,20,,20,20,,,,20,,,20,20,,,27895,27895,,,27895,27895,27895,,,,,,,,,,,,,,,,,,,,,,,,,,,,,,,,,,,,,,
120242255006070627,Retargeting_Ad_15Feb,120242255006080627,New Sales ad set,2026-04-13,2026-04-19,0.31,11,10,0,0,,28.181818,1.1,0,,,,,facebook,instream_video,,,,,,,,,,,,,,,,,,,,,,,,,,,,,,,,,,,,,,,,,,,,,,,,,,,,,,,,,,,,,,,,,,,,,,,,,
120242255006070627,Retargeting_Ad_15Feb,120242255006080627,New Sales ad set,2026-04-13,2026-04-19,0,1,1,0,0,,0,1,0,,,,,facebook,marketplace,,,,,,,,,,,,,,,,,,,,,,,,,,,,,,,,,,,,,,,,,,,,,,,,,,,,,,,,,,,,,,,,,,,,,,,,,
120242255006070627,Retargeting_Ad_15Feb,120242255006080627,New Sales ad set,2026-04-13,2026-04-19,0.38,4,3,0,0,,95,1.333333,0,,,,,facebook,right_hand_column,,,,,,,,,,,,,,,,,,,,,,,,,,,,,,,,,,,,,,,,,,,,,,,,,,,,,,,,,,,,,,,,,,,,,,,,,
120242255006070627,Retargeting_Ad_15Feb,120242255006080627,New Sales ad set,2026-04-13,2026-04-19,2.18,22,21,0,0,,99.090909,1.047619,0,,,,,facebook,search,,,,,,,,,,,,,,,,,,,,,,,,,,,,,,,,,,,,,,,,,,,,,,,,,,,,,,,,,,,,,,,,,,,,,,,,,
120242255006070627,Retargeting_Ad_15Feb,120242255006080627,New Sales ad set,2026-04-13,2026-04-19,595.65,2710,2181,8,0.295203,74.45625,219.797048,1.242549,5,5,17,17,7,instagram,feed,,,5,5,,2,2,3,3,2,2,5,8,5,23,8,23,23,8,2,8,23,,2,23,23,8,10157,22698,22698,10157,10157,22698,22698,22698,10157,10157,,1,1,7,1,1,1,1,1,7,1,1,7,7,800,6483.4,800,6483.4,0.08,800,800,6483.4,800,800,6483.4,800,800,,,,,,,,,
120242255006070627,Retargeting_Ad_15Feb,120242255006080627,New Sales ad set,2026-04-13,2026-04-19,0.03,1,1,0,0,,30,1,0,,,,,instagram,instagram_explore,,,,,,,,,,,,,,,,,,,,,,,,,,,,,,,,,,,,,,,,,,,,,,,,,,,,,,,,,,,,,,,,,,,,,,,,,
120242255006070627,Retargeting_Ad_15Feb,120242255006080627,New Sales ad set,2026-04-13,2026-04-19,0.12,7,7,0,0,,17.142857,1,0,,,,,instagram,instagram_explore_grid_home,,,,,,,,,,,,,,,,,,,,,,,,,,,,,,,,,,,,,,,,,,,,,,,,,,,,,,,,,,,,,,,,,,,,,,,,,
120242255006070627,Retargeting_Ad_15Feb,120242255006080627,New Sales ad set,2026-04-13,2026-04-19,215.26,1299,1203,9,0.692841,23.917778,165.712086,1.079801,6,6,10,10,3,instagram,instagram_reels,,,1,1,,,,1,1,,,3,,3,4,,4,4,,,,4,,,4,4,,,7500,7500,,,7500,7500,7500,,,,,,2,,,,,,2,,,2,2,,7700,,7700,,,,7700,,,7700,,,,,,,,,,,
120242255006070627,Retargeting_Ad_15Feb,120242255006080627,New Sales ad set,2026-04-13,2026-04-19,277.33,991,846,10,1.009082,27.733,279.848638,1.171395,7,7,7,7,,instagram,instagram_stories,,,,,,,,,,,,4,,4,15,,15,15,,,,15,,,15,15,,,20169,20169,,,20169,20169,20169,,,,,,,,,,,,,,,,,,,,,,,,,,,,,,,,,,,,,,
120242255006070627,Retargeting_Ad_15Feb,120242255006080627,New Sales ad set,2026-04-13,2026-04-19,0.32,11,11,0,0,,29.090909,1,0,,,,,threads,threads_feed,,,,,,,,,,,,,,,,,,,,,,,,,,,,,,,,,,,,,,,,,,,,,,,,,,,,,,,,,,,,,,,,,,,,,,,,,
120242604419580627,Pet_Reel_23/02/2026,120242605041150627,Broad Pet Audience,2026-04-13,2026-04-19,2.45,158,124,32,20.253165,0.076563,15.506329,1.274194,42,42,42,42,,audience_network,an_classic,,,,,,,,,,,,30,,30,25,,25,25,,,,25,,,25,25,,,24750,24750,,,24750,24750,24750,,,,,,,,,,,,,,,,,,,,,,,,,,,,,,,,,,,,,,
120242604419580627,Pet_Reel_23/02/2026,120242605041150627,Broad Pet Audience,2026-04-13,2026-04-19,0.01,1,1,0,0,,10,1,0,,,,,facebook,facebook_profile_feed,,,,,,,,,,,,,,,,,,,,,,,,,,,,,,,,,,,,,,,,,,,,,,,,,,,,,,,,,,,,,,,,,,,,,,,,,
120242604419580627,Pet_Reel_23/02/2026,120242605041150627,Broad Pet Audience,2026-04-13,2026-04-19,71.41,34,32,1,2.941176,71.41,2100.294118,1.0625,1,1,1,1,,facebook,facebook_reels,,,,,,,,,,,,1,,1,1,,1,1,,,,1,,,1,1,,,990,990,,,990,990,990,,,,,,,,,,,,,,,,,,,,,,,,,,,,,,,,,,,,,,
120242604419580627,Pet_Reel_23/02/2026,120242605041150627,Broad Pet Audience,2026-04-13,2026-04-19,0.02,1,1,0,0,,20,1,0,,,,,facebook,facebook_stories,,,,,,,,,,,,,,,,,,,,,,,,,,,,,,,,,,,,,,,,,,,,,,,,,,,,,,,,,,,,,,,,,,,,,,,,,
120242604419580627,Pet_Reel_23/02/2026,120242605041150627,Broad Pet Audience,2026-04-13,2026-04-19,177.13,286,247,3,1.048951,59.043333,619.335664,1.157895,0,,2,2,,facebook,feed,,,2,2,,,,2,2,,,,,,,,,,,,,,,,,,,,,,,,,,,,,,,,,,,,,,,,,,,,,,,,,,,,,,,,,,,,,,,,
120242604419580627,Pet_Reel_23/02/2026,120242605041150627,Broad Pet Audience,2026-04-13,2026-04-19,0.16,4,4,0,0,,40,1,0,,,,,facebook,instream_video,,,,,,,,,,,,,,,,,,,,,,,,,,,,,,,,,,,,,,,,,,,,,,,,,,,,,,,,,,,,,,,,,,,,,,,,,
120242604419580627,Pet_Reel_23/02/2026,120242605041150627,Broad Pet Audience,2026-04-13,2026-04-19,0.02,1,1,0,0,,20,1,0,,,,,facebook,right_hand_column,,,,,,,,,,,,,,,,,,,,,,,,,,,,,,,,,,,,,,,,,,,,,,,,,,,,,,,,,,,,,,,,,,,,,,,,,
120242604419580627,Pet_Reel_23/02/2026,120242605041150627,Broad Pet Audience,2026-04-13,2026-04-19,1.33,8,8,0,0,,166.25,1,0,,,,,facebook,search,,,,,,,,,,,,,,,,,,,,,,,,,,,,,,,,,,,,,,,,,,,,,,,,,,,,,,,,,,,,,,,,,,,,,,,,,
120242604419580627,Pet_Reel_23/02/2026,120242605041150627,Broad Pet Audience,2026-04-13,2026-04-19,657.55,1168,1018,11,0.941781,59.777273,562.97089,1.147348,10,10,13,13,,instagram,feed,,1,3,4,,1,1,1,2,,,6,2,6,14,2,14,14,2,,2,14,,,14,14,2,3730,19136,19136,3730,3730,19136,19136,19136,3730,3730,,,,,,,,,,,,,,,,,,,,,,,,,,,,,,,,,,,,
120242604419580627,Pet_Reel_23/02/2026,120242605041150627,Broad Pet Audience,2026-04-13,2026-04-19,0.07,3,3,0,0,,23.333333,1,0,,,,,instagram,instagram_explore_grid_home,,,,,,,,,,,,,,,,,,,,,,,,,,,,,,,,,,,,,,,,,,,,,,,,,,,,,,,,,,,,,,,,,,,,,,,,,
120242604419580627,Pet_Reel_23/02/2026,120242605041150627,Broad Pet Audience,2026-04-13,2026-04-19,275.59,1038,910,9,0.867052,30.621111,265.500963,1.140659,8,8,9,9,,instagram,instagram_reels,,,1,1,,,,1,1,3,3,5,1,5,39,1,39,39,1,3,1,39,,3,39,39,1,990,81500,81500,990,990,81500,81500,81500,990,990,,,,,,,,,,,,,,,,,,,,,,,,,,,,,,,,,,,,
120242604419580627,Pet_Reel_23/02/2026,120242605041150627,Broad Pet Audience,2026-04-13,2026-04-19,0,1,1,0,0,,0,1,0,,,,,instagram,instagram_search,,,,,,,,,,,,,,,,,,,,,,,,,,,,,,,,,,,,,,,,,,,,,,,,,,,,,,,,,,,,,,,,,,,,,,,,,
120242604419580627,Pet_Reel_23/02/2026,120242605041150627,Broad Pet Audience,2026-04-13,2026-04-19,191.38,307,263,8,2.605863,23.9225,623.387622,1.1673,7,7,7,7,,instagram,instagram_stories,,,,,,,,,,,,5,3,5,10,3,10,10,3,,3,10,,,10,10,3,2470,10100,10100,2470,2470,10100,10100,10100,2470,2470,,,,2,,1,,,,2,,1,2,2,,1060,521,1060,,,,1060,521,,1060,,,,,,,,,,,
120242604419580627,Pet_Reel_23/02/2026,120242605041150627,Broad Pet Audience,2026-04-13,2026-04-19,0.85,12,12,0,0,,70.833333,1,0,,,,,threads,threads_feed,,,,,,,,,,,,,,,,,,,,,,,,,,,,,,,,,,,,,,,,,,,,,,,,,,,,,,,,,,,,,,,,,,,,,,,,,
120242723343230627,#Lovein4Notes_25/02/26,120242723367580627,Watch – Copy,2026-04-13,2026-04-19,68.384208,394,125,108,27.411168,0.633187,173.56398,3.152,126,126,435,435,309,audience_network,an_classic,,,,,,,,,,3,3,48,,48,31,,31,31,,3,,31,,3,31,31,,,57090,57090,,,57090,57090,57090,,,,,,,,,,,,,,,,,,,,,,,,,,,,,,,,,,,,,,
120242723343230627,#Lovein4Notes_25/02/26,120242723367580627,Watch – Copy,2026-04-13,2026-04-19,35.726974,124,55,43,34.677419,0.83086,288.120758,2.254545,55,55,178,178,123,audience_network,rewarded_video,,,,,,,,,,,,35,1,35,16,1,16,16,1,,1,16,,,16,16,1,1890,29840,29840,1890,1890,29840,29840,29840,1890,1890,,,,,,,,,,,,,,,,,,,,,,,,,,,,,,,,,,,,
120242723343230627,#Lovein4Notes_25/02/26,120242723367580627,Watch – Copy,2026-04-13,2026-04-19,0.849928,1,1,0,0,,849.928014,1,0,,,,,facebook,biz_disco_feed,,,,,,,,,,,,,,,,,,,,,,,,,,,,,,,,,,,,,,,,,,,,,,,,,,,,,,,,,,,,,,,,,,,,,,,,,
120242723343230627,#Lovein4Notes_25/02/26,120242723367580627,Watch – Copy,2026-04-13,2026-04-19,2.169816,15,14,0,0,,144.654415,1.071429,0,,,,,facebook,facebook_notification,,,,,,,,,,,,,,,,,,,,,,,,,,,,,,,,,,,,,,,,,,,,,,,,,,,,,,,,,,,,,,,,,,,,,,,,,
120242723343230627,#Lovein4Notes_25/02/26,120242723367580627,Watch – Copy,2026-04-13,2026-04-19,0.94992,29,28,0,0,,32.755846,1.035714,0,,4,4,4,facebook,facebook_profile_feed,,,,,,,,,,,,,,,,,,,,,,,,,,,,,,,,,,,,,,,,,,,,,,,,,,,,,,,,,,,,,,,,,,,,,,,,,
120242723343230627,#Lovein4Notes_25/02/26,120242723367580627,Watch – Copy,2026-04-13,2026-04-19,369.988663,3606,1474,19,0.5269,19.473088,102.603623,2.446404,6,6,483,483,469,facebook,facebook_reels,,1,8,9,,,,7,8,,,5,3,5,6,3,6,6,3,,3,6,,,6,6,3,5040,9630,9630,5040,5040,9630,9630,9630,5040,5040,,1,1,1,1,1,1,1,1,1,1,1,1,1,3204,3204,3204,3204,0.32,3204,3204,3204,3204,3204,3204,3204,3204,,,,,,,,,
120242723343230627,#Lovein4Notes_25/02/26,120242723367580627,Watch – Copy,2026-04-13,2026-04-19,7.899331,211,115,0,0,,37.437587,1.834783,0,,,,,facebook,facebook_reels_overlay,,,,,,,,,,,,,,,,,,,,,,,,,,,,,,,,,,,,,,,,,,,,,,,,,,,,,,,,,,,,,,,,,,,,,,,,,
120242723343230627,#Lovein4Notes_25/02/26,120242723367580627,Watch – Copy,2026-04-13,2026-04-19,43.586308,293,217,0,0,,148.758732,1.35023,0,,18,18,18,facebook,facebook_stories,,,,,,,,,,,,,,,,,,,,,,,,,,,,,,,,,,,,,,,,,,,,,,,,,,,,,,,,,,,,,,,,,,,,,,,,,
120242723343230627,#Lovein4Notes_25/02/26,120242723367580627,Watch – Copy,2026-04-13,2026-04-19,518.90605,1898,972,31,1.633298,16.738905,273.396233,1.952675,12,12,204,204,191,facebook,feed,,,1,1,,,,1,1,1,1,4,2,4,22,2,22,22,2,1,2,22,,1,22,22,2,589,28235,28235,589,589,28235,28235,28235,589,589,,2,2,4,2,2,2,2,2,4,2,2,4,4,1184,569,1184,569,0.12,1184,1184,569,1184,1184,569,1184,1184,,,,,,,,,
120242723343230627,#Lovein4Notes_25/02/26,120242723367580627,Watch – Copy,2026-04-13,2026-04-19,77.57343,1042,436,9,0.863724,8.61927,74.44667,2.389908,8,8,182,182,173,facebook,instream_video,,,1,1,,,,1,1,1,1,7,,7,4,,4,4,,1,,4,,1,4,4,,,7560,7560,,,7560,7560,7560,,,,,,,,,,,,,,,,,,,,,,,,,,,,,,,,,,,,,,
120242723343230627,#Lovein4Notes_25/02/26,120242723367580627,Watch – Copy,2026-04-13,2026-04-19,0.11999,3,2,0,0,,39.996612,1.5,0,,,,,facebook,marketplace,,,,,,,,,,,,,,,,,,,,,,,,,,,,,,,,,,,,,,,,,,,,,,,,,,,,,,,,,,,,,,,,,,,,,,,,,
120242723343230627,#Lovein4Notes_25/02/26,120242723367580627,Watch – Copy,2026-04-13,2026-04-19,0.209982,3,3,0,0,,69.994072,1,0,,1,1,1,facebook,search,,,,,,,,,,,,,,,,,,,,,,,,,,,,,,,,,,,,,,,,,,,,,,,,,,,,,,,,,,,,,,,,,,,,,,,,,
120242723343230627,#Lovein4Notes_25/02/26,120242723367580627,Watch – Copy,2026-04-13,2026-04-19,804.971821,2806,1891,21,0.748396,38.331992,286.875204,1.483871,13,13,492,492,472,instagram,feed,,,7,7,,1,1,6,6,,,9,,9,10,,10,10,,,,10,,,10,10,,,19620,19620,,,19620,19620,19620,,,,,,,,,,,,,,,,,,,,,,,,,,,,,,,,,,,,,,
120242723343230627,#Lovein4Notes_25/02/26,120242723367580627,Watch – Copy,2026-04-13,2026-04-19,0.109991,3,3,0,0,,36.663561,1,0,,,,,instagram,instagram_explore,,,,,,,,,,,,,,,,,,,,,,,,,,,,,,,,,,,,,,,,,,,,,,,,,,,,,,,,,,,,,,,,,,,,,,,,,
120242723343230627,#Lovein4Notes_25/02/26,120242723367580627,Watch – Copy,2026-04-13,2026-04-19,1.849843,137,129,0,0,,13.502506,1.062016,0,,47,47,47,instagram,instagram_explore_grid_home,,,,,,,,,,,,,,,,,,,,,,,,,,,,,,,,,,,,,,,,,,,,,,,,,,,,,,,,,,,,,,,,,,,,,,,,,
120242723343230627,#Lovein4Notes_25/02/26,120242723367580627,Watch – Copy,2026-04-13,2026-04-19,1315.668567,11954,7215,52,0.435001,25.301319,110.060948,1.656826,22,22,1516,1516,1472,instagram,instagram_reels,,5,22,27,2,,,15,20,,,15,7,15,46,7,46,46,7,,7,46,,,46,46,7,11560,77000,77000,11560,11560,77000,77000,77000,11560,11560,,,,4,,,,,,4,,,4,4,,9760,,9760,,,,9760,,,9760,,,,,,,,,,,
120242723343230627,#Lovein4Notes_25/02/26,120242723367580627,Watch – Copy,2026-04-13,2026-04-19,0.059995,9,9,1,11.111111,0.059995,6.666102,1,1,1,1,1,,instagram,instagram_search,,,,,,,,,,,,1,,1,,,,,,,,,,,,,,,,,,,,,,,,,,,,,,,,,,,,,,,,,,,,,,,,,,,,,,,,,,,
120242723343230627,#Lovein4Notes_25/02/26,120242723367580627,Watch – Copy,2026-04-13,2026-04-19,525.185518,2325,1303,18,0.774194,29.176973,225.886244,1.784344,13,13,133,133,120,instagram,instagram_stories,,,,,,,,,,,,8,,8,18,,18,18,,,,18,,,18,18,,,43530,43530,,,43530,43530,43530,,,,,,1,,,,,,1,,,1,1,,490,,490,,,,490,,,490,,,,,,,,,,,
120242723343230627,#Lovein4Notes_25/02/26,120242723367580627,Watch – Copy,2026-04-13,2026-04-19,3.969664,927,737,72,7.76699,0.055134,4.282269,1.257802,72,72,226,226,154,threads,threads_feed,,,,,,,,,,,,13,,13,,,,,,,,,,,,,,,,,,,,,,,,,,,,,,,,,,,,,,,,,,,,,,,,,,,,,,,,,,,
120242723343230627,#Lovein4Notes_25/02/26,120242723417850627,Perfume Enthisiasts,2026-04-13,2026-04-19,46.99,358,124,70,19.553073,0.671286,131.256983,2.887097,81,81,362,362,281,audience_network,an_classic,,,,,,,,,,5,5,34,,34,59,,59,59,,5,,59,,5,59,59,,,100220,100220,,,100220,100220,100220,,,,,,,,,,,,,,,,,,,,,,,,,,,,,,,,,,,,,,
120242723343230627,#Lovein4Notes_25/02/26,120242723417850627,Perfume Enthisiasts,2026-04-13,2026-04-19,34.33,155,62,39,25.16129,0.880256,221.483871,2.5,43,43,197,197,154,audience_network,rewarded_video,,,,,,,,,,,,24,,24,17,,17,17,,,,17,,,17,17,,,27730,27730,,,27730,27730,27730,,,,,,,,,,,,,,,,,,,,,,,,,,,,,,,,,,,,,,
120242723343230627,#Lovein4Notes_25/02/26,120242723417850627,Perfume Enthisiasts,2026-04-13,2026-04-19,0.01,1,1,0,0,,10,1,0,,,,,facebook,biz_disco_feed,,,,,,,,,,,,,,,,,,,,,,,,,,,,,,,,,,,,,,,,,,,,,,,,,,,,,,,,,,,,,,,,,,,,,,,,,
120242723343230627,#Lovein4Notes_25/02/26,120242723417850627,Perfume Enthisiasts,2026-04-13,2026-04-19,2.45,4,4,0,0,,612.5,1,0,,,,,facebook,facebook_notification,,,,,,,,,,,,,,,,,,,,,,,,,,,,,,,,,,,,,,,,,,,,,,,,,,,,,,,,,,,,,,,,,,,,,,,,,
120242723343230627,#Lovein4Notes_25/02/26,120242723417850627,Perfume Enthisiasts,2026-04-13,2026-04-19,0.71,14,14,0,0,,50.714286,1,0,,1,1,1,facebook,facebook_profile_feed,,,,,,,,,,,,,,,,,,,,,,,,,,,,,,,,,,,,,,,,,,,,,,,,,,,,,,,,,,,,,,,,,,,,,,,,,
120242723343230627,#Lovein4Notes_25/02/26,120242723417850627,Perfume Enthisiasts,2026-04-13,2026-04-19,135.71,1030,474,3,0.291262,45.236667,131.757282,2.172996,1,1,132,132,129,facebook,facebook_reels,,,2,2,,,,2,2,,,1,5,1,,5,,,5,,5,,,,,,5,7620,,,7620,7620,,,,7620,7620,,1,1,1,1,1,1,1,1,1,1,1,1,1,6858,6858,6617,6858,0.69,6858,6858,6858,6617,6858,6858,6858,6858,,,,,,,,,
120242723343230627,#Lovein4Notes_25/02/26,120242723417850627,Perfume Enthisiasts,2026-04-13,2026-04-19,5.89,112,70,0,0,,52.589286,1.6,0,,,,,facebook,facebook_reels_overlay,,,,,,,,,,,,,,,,,,,,,,,,,,,,,,,,,,,,,,,,,,,,,,,,,,,,,,,,,,,,,,,,,,,,,,,,,
120242723343230627,#Lovein4Notes_25/02/26,120242723417850627,Perfume Enthisiasts,2026-04-13,2026-04-19,33.23,90,74,2,2.222222,16.615,369.222222,1.216216,2,2,6,6,4,facebook,facebook_stories,,,,,,,,,,,,2,,2,1,,1,1,,,,1,,,1,1,,,1890,1890,,,1890,1890,1890,,,,,,,,,,,,,,,,,,,,,,,,,,,,,,,,,,,,,,
120242723343230627,#Lovein4Notes_25/02/26,120242723417850627,Perfume Enthisiasts,2026-04-13,2026-04-19,223.41,756,438,9,1.190476,24.823333,295.515873,1.726027,3,3,81,81,78,facebook,feed,,,,,,,,,,,,,3,,3,3,3,3,3,,3,3,,,3,3,3,5878,8589,8589,5878,5878,8589,8589,8589,5878,5878,,,,,,,,,,,,,,,,,,,,,,,,,,,,,,,,,,,,
120242723343230627,#Lovein4Notes_25/02/26,120242723417850627,Perfume Enthisiasts,2026-04-13,2026-04-19,41.59,451,200,3,0.665188,13.863333,92.217295,2.255,2,2,77,77,75,facebook,instream_video,,,,,,,,,,,,1,,1,1,,1,1,,,,1,,,1,1,,,1890,1890,,,1890,1890,1890,,,,,,,,,,,,,,,,,,,,,,,,,,,,,,,,,,,,,,
120242723343230627,#Lovein4Notes_25/02/26,120242723417850627,Perfume Enthisiasts,2026-04-13,2026-04-19,0.09,3,3,0,0,,30,1,0,,1,1,1,facebook,marketplace,,,,,,,,,,,,,,,,,,,,,,,,,,,,,,,,,,,,,,,,,,,,,,,,,,,,,,,,,,,,,,,,,,,,,,,,,
120242723343230627,#Lovein4Notes_25/02/26,120242723417850627,Perfume Enthisiasts,2026-04-13,2026-04-19,0.69,2,2,0,0,,345,1,0,,,,,facebook,search,,,,,,,,,,,,,,,,,,,,,,,,,,,,,,,,,,,,,,,,,,,,,,,,,,,,,,,,,,,,,,,,,,,,,,,,,
120242723343230627,#Lovein4Notes_25/02/26,120242723417850627,Perfume Enthisiasts,2026-04-13,2026-04-19,703.19,2532,1707,17,0.671406,41.364118,277.721169,1.483304,10,10,458,458,444,instagram,feed,,1,4,5,,,,3,4,,,8,4,8,17,4,17,17,4,,4,17,,,17,17,4,2960,19575,19575,2960,2960,19575,19575,19575,2960,2960,,,,2,,,,,,2,,,2,2,,521,,521,,,,521,,,521,,,,,,,,,,,
120242723343230627,#Lovein4Notes_25/02/26,120242723417850627,Perfume Enthisiasts,2026-04-13,2026-04-19,1.61,148,137,0,0,,10.878378,1.080292,0,,42,42,42,instagram,instagram_explore_grid_home,,,,,,,,,,,,,,,,,,,,,,,,,,,,,,,,,,,,,,,,,,,,,,,,,,,,,,,,,,,,,,,,,,,,,,,,,
120242723343230627,#Lovein4Notes_25/02/26,120242723417850627,Perfume Enthisiasts,2026-04-13,2026-04-19,1361.27,10714,6542,52,0.485346,26.178269,127.055255,1.637725,24,24,1262,1262,1227,instagram,instagram_reels,,4,11,15,,1,1,6,10,1,1,15,12,15,51,12,51,51,12,1,12,51,,1,51,51,12,10110,77900,77900,10110,10110,77900,77900,77900,10110,10110,,3,3,3,3,3,3,3,3,3,3,3,3,3,6223,6996,6223,6996,0.62,6223,6223,6996,6223,6223,6996,6223,6223,,,,,,,,,
120242723343230627,#Lovein4Notes_25/02/26,120242723417850627,Perfume Enthisiasts,2026-04-13,2026-04-19,0.13,7,7,0,0,,18.571429,1,0,,,,,instagram,instagram_search,,,,,,,,,,,,,,,,,,,,,,,,,,,,,,,,,,,,,,,,,,,,,,,,,,,,,,,,,,,,,,,,,,,,,,,,,
120242723343230627,#Lovein4Notes_25/02/26,120242723417850627,Perfume Enthisiasts,2026-04-13,2026-04-19,509,1998,1161,10,0.500501,50.9,254.754755,1.72093,6,6,120,120,114,instagram,instagram_stories,,,,,,,,,,2,2,6,2,6,19,2,19,19,2,2,2,19,,2,19,19,2,6777,31690,31690,6777,6777,31690,31690,31690,6777,6777,,1,1,1,1,1,1,1,1,1,1,1,1,1,2537,2950,2537,2950,0.25,2537,2537,2950,2537,2537,2950,2537,2537,,,,,,,,,
120242723343230627,#Lovein4Notes_25/02/26,120242723417850627,Perfume Enthisiasts,2026-04-13,2026-04-19,3.18,714,604,60,8.403361,0.053,4.453782,1.182119,60,60,150,150,90,threads,threads_feed,,,,,,,,,,,,7,,7,1,,1,1,,,,1,,,1,1,,,1890,1890,,,1890,1890,1890,,,,,,1,,,,,,1,,,1,1,,891,,891,,,,891,,,891,,,,,,,,,,,
120242298942200627,It's Complicated (Founder Led) 16/02/26,120242732699810627,Broad Audience,2026-04-13,2026-04-19,26.300414,173,75,20,11.560694,1.315021,152.025517,2.306667,21,21,154,154,133,audience_network,an_classic,,,,,,,,,,,,3,,3,4,,4,4,,,,4,,,4,4,,,8150,8150,,,8150,8150,8150,,,,,,,,,,,,,,,,,,,,,,,,,,,,,,,,,,,,,,
120242298942200627,It's Complicated (Founder Led) 16/02/26,120242732699810627,Broad Audience,2026-04-13,2026-04-19,11.590183,79,28,5,6.329114,2.318037,146.711173,2.821429,5,5,82,82,77,audience_network,rewarded_video,,,,,,,,,,,,1,,1,1,,1,1,,,,1,,,1,1,,,1890,1890,,,1890,1890,1890,,,,,,,,,,,,,,,,,,,,,,,,,,,,,,,,,,,,,,
120242298942200627,It's Complicated (Founder Led) 16/02/26,120242732699810627,Broad Audience,2026-04-13,2026-04-19,0,1,1,0,0,,0,1,0,,,,,facebook,biz_disco_feed,,,,,,,,,,,,,,,,,,,,,,,,,,,,,,,,,,,,,,,,,,,,,,,,,,,,,,,,,,,,,,,,,,,,,,,,,
120242298942200627,It's Complicated (Founder Led) 16/02/26,120242732699810627,Broad Audience,2026-04-13,2026-04-19,4.920078,28,27,1,3.571429,4.920078,175.717055,1.037037,1,1,1,1,,facebook,facebook_notification,,,,,,,,,,,,1,,1,,,,,,,,,,,,,,,,,,,,,,,,,,,,,,,,,,,,,,,,,,,,,,,,,,,,,,,,,,,
120242298942200627,It's Complicated (Founder Led) 16/02/26,120242732699810627,Broad Audience,2026-04-13,2026-04-19,1.440023,28,26,0,0,,51.429382,1.076923,0,,4,4,4,facebook,facebook_profile_feed,,,,,,,,,,,,,,,,,,,,,,,,,,,,,,,,,,,,,,,,,,,,,,,,,,,,,,,,,,,,,,,,,,,,,,,,,
120242298942200627,It's Complicated (Founder Led) 16/02/26,120242732699810627,Broad Audience,2026-04-13,2026-04-19,478.547541,4491,2126,23,0.512135,20.806415,106.557012,2.112418,16,16,458,458,437,facebook,facebook_reels,,1,5,6,,1,1,3,4,3,3,12,7,12,12,7,12,12,7,3,7,12,,3,12,12,7,9489,21199,21199,9489,9489,21199,21199,21199,9489,9489,,1,1,3,1,1,1,1,1,3,1,1,3,3,2880,7640.1,2875,7640.1,0.29,2880,2880,7640.1,2875,2880,7640.1,2880,2880,,,,,,,,,
120242298942200627,It's Complicated (Founder Led) 16/02/26,120242732699810627,Broad Audience,2026-04-13,2026-04-19,3.950062,112,67,1,0.892857,3.950062,35.268413,1.671642,1,1,2,2,1,facebook,facebook_reels_overlay,,,,,,,,,,,,1,,1,,,,,,,,,,,,,,,,,,,,,,,,,,,,,,,,,,,,,,,,,,,,,,,,,,,,,,,,,,,
120242298942200627,It's Complicated (Founder Led) 16/02/26,120242732699810627,Broad Audience,2026-04-13,2026-04-19,46.100727,260,206,0,0,,177.310487,1.262136,0,,20,20,20,facebook,facebook_stories,,,,,,,,,,,,,,,4,,4,4,,,,4,,,4,4,,,8480,8480,,,8480,8480,8480,,,,,,,,,,,,,,,,,,,,,,,,,,,,,,,,,,,,,,
120242298942200627,It's Complicated (Founder Led) 16/02/26,120242732699810627,Broad Audience,2026-04-13,2026-04-19,551.42869,1846,1166,25,1.35428,22.057148,298.715433,1.58319,11,11,250,250,238,facebook,feed,,,1,1,,,,1,1,1,1,7,7,7,27,7,27,27,7,1,7,27,,1,27,27,7,5970,31749,31749,5970,5970,31749,31749,31749,5970,5970,,1,1,3,1,1,1,1,1,3,1,1,3,3,1071,2911,1071,2911,0.11,1071,1071,2911,1071,1071,2911,1071,1071,,,,,,,,,
120242298942200627,It's Complicated (Founder Led) 16/02/26,120242732699810627,Broad Audience,2026-04-13,2026-04-19,67.831069,689,403,4,0.580552,16.957767,98.448576,1.709677,3,3,223,223,219,facebook,instream_video,,,1,1,,,,,,,,4,,4,5,,5,5,,,,5,,,5,5,,,28644.16,28644.16,,,28644.16,28644.16,28644.16,,,,,,,,,,,,,,,,,,,,,,,,,,,,,,1,1,,,,,,,
120242298942200627,It's Complicated (Founder Led) 16/02/26,120242732699810627,Broad Audience,2026-04-13,2026-04-19,3.380053,56,34,0,0,,60.358094,1.647059,0,,23,23,23,facebook,marketplace,,,,,,,,,,,,,,,,,,,,,,,,,,,,,,,,,,,,,,,,,,,,,,,,,,,,,,,,,,,,,,,,,,,,,,,,,
120242298942200627,It's Complicated (Founder Led) 16/02/26,120242732699810627,Broad Audience,2026-04-13,2026-04-19,0.240004,8,8,0,0,,30.000473,1,0,,,,,facebook,search,,,,,,,,,,,,,,,,,,,,,,,,,,,,,,,,,,,,,,,,,,,,,,,,,,,,,,,,,,,,,,,,,,,,,,,,,
120242298942200627,It's Complicated (Founder Led) 16/02/26,120242732699810627,Broad Audience,2026-04-13,2026-04-19,1922.430296,8082,5265,62,0.767137,31.00694,237.865664,1.535043,47,47,1404,1404,1342,instagram,feed,,2,15,17,,4,4,8,10,3,3,35,8,35,87,8,87,87,8,3,8,87,,3,87,87,8,5545,116479.14,116479.14,5545,5545,116479.14,116479.14,116479.14,5545,5545,,2,2,10,2,4,2,2,2,10,2,4,10,10,3916.5,17788.6,7776.5,17788.6,0.39,3916.5,3916.5,17788.6,7776.5,3916.5,17788.6,3916.5,3916.5,1,1,,,,,,,
120242298942200627,It's Complicated (Founder Led) 16/02/26,120242732699810627,Broad Audience,2026-04-13,2026-04-19,0.62001,9,7,0,0,,68.889975,1.285714,0,,,,,instagram,instagram_explore,,,,,,,,,,,,,,,,,,,,,,,,,,,,,,,,,,,,,,,,,,,,,,,,,,,,,,,,,,,,,,,,,,,,,,,,,
120242298942200627,It's Complicated (Founder Led) 16/02/26,120242732699810627,Broad Audience,2026-04-13,2026-04-19,8.390132,1275,1240,1,0.078431,8.390132,6.580496,1.028226,0,,290,290,290,instagram,instagram_explore_grid_home,,,,,,,,,,1,1,,,,1,,1,1,,1,,1,,1,1,1,,,3200,3200,,,3200,3200,3200,,,,,,,,,,,,,,,,,,,,,,,,,,,,,,,,,,,,,,
120242298942200627,It's Complicated (Founder Led) 16/02/26,120242732699810627,Broad Audience,2026-04-13,2026-04-19,3022.407631,34370,21075,143,0.416061,21.135718,87.937377,1.630842,65,65,3468,3468,3378,instagram,instagram_reels,,5,25,30,4,,,16,21,5,5,55,22,55,167,22,167,167,22,5,22,167,,5,167,167,22,27768,252576.31,252576.31,27768,27768,252576.31,252576.31,252576.31,27768,27768,,3,3,21,3,8,3,3,3,21,3,8,21,21,2772,36243.4,10915.8,36243.4,0.28,2772,2772,36243.4,10915.8,2772,36243.4,2772,2772,,,,,,,,,
120242298942200627,It's Complicated (Founder Led) 16/02/26,120242732699810627,Broad Audience,2026-04-13,2026-04-19,1.520024,96,96,0,0,,15.833583,1,0,,,,,instagram,instagram_search,,,,,,,,,,,,,,,,,,,,,,,,,,,,,,,,,,,,,,,,,,,,,,,,,,,,,,,,,,,,,,,,,,,,,,,,,
120242298942200627,It's Complicated (Founder Led) 16/02/26,120242732699810627,Broad Audience,2026-04-13,2026-04-19,822.002954,4796,3029,36,0.750626,22.833415,171.393443,1.583361,29,29,370,370,341,instagram,instagram_stories,,2,,2,,,,0,,4,4,10,5,10,65,5,65,65,5,4,5,65,,4,65,65,5,2970,108159,108159,2970,2970,108159,108159,108159,2970,2970,,1,1,1,1,1,1,1,1,1,1,1,1,1,1161,1161,1161,1161,0.12,1161,1161,1161,1161,1161,1161,1161,1161,,,,,,,,,
120242298942200627,It's Complicated (Founder Led) 16/02/26,120242732699810627,Broad Audience,2026-04-13,2026-04-19,6.98011,3856,3532,158,4.09751,0.044178,1.810195,1.091733,158,158,535,535,376,threads,threads_feed,,,1,1,,,,1,1,,,9,,9,1,,1,1,,,,1,,,1,1,,,550,550,,,550,550,550,,,,,,,,,,,,,,,,,,,,,,,,,,,,,,,,,,,,,,
120243101620220627,BOFU_Conversion_Prospecting_07/03/26,120243101620230627,Luxury Lifestyle Stack,2026-04-13,2026-04-19,0.01,1,1,0,0,,10,1,0,,1,1,1,audience_network,an_classic,,,,,,,,,,,,,,,,,,,,,,,,,,,,,,,,,,,,,,,,,,,,,,,,,,,,,,,,,,,,,,,,,,,,,,,,,
120243101620220627,BOFU_Conversion_Prospecting_07/03/26,120243101620230627,Luxury Lifestyle Stack,2026-04-13,2026-04-19,0.34,3,3,0,0,,113.333333,1,0,,1,1,1,facebook,facebook_reels,,,,,,,,,,,,,,,,,,,,,,,,,,,,,,,,,,,,,,,,,,,,,,,,,,,,,,,,,,,,,,,,,,,,,,,,,
120243101620220627,BOFU_Conversion_Prospecting_07/03/26,120243101620230627,Luxury Lifestyle Stack,2026-04-13,2026-04-19,0.41,4,4,1,25,0.41,102.5,1,1,1,2,2,1,facebook,feed,,,,,,,,,,,,,,,,,,,,,,,,,,,,,,,,,,,,,,,,,,,,,,,,,,,,,,,,,,,,,,,,,,,,,,,,,
120243101620220627,BOFU_Conversion_Prospecting_07/03/26,120243101620230627,Luxury Lifestyle Stack,2026-04-13,2026-04-19,0.17,2,2,0,0,,85,1,0,,,,,facebook,instream_video,,,,,,,,,,,,,,,,,,,,,,,,,,,,,,,,,,,,,,,,,,,,,,,,,,,,,,,,,,,,,,,,,,,,,,,,,
120243101620220627,BOFU_Conversion_Prospecting_07/03/26,120243101620230627,Luxury Lifestyle Stack,2026-04-13,2026-04-19,9,12,12,0,0,,750,1,0,,1,1,1,instagram,feed,,,,,,,,,,,,,,,,,,,,,,,,,,,,,,,,,,,,,,,,,,,,,,,,,,,,,,,,,,,,,,,,,,,,,,,,,
120243101620220627,BOFU_Conversion_Prospecting_07/03/26,120243101620230627,Luxury Lifestyle Stack,2026-04-13,2026-04-19,17.82,88,85,0,0,,202.5,1.035294,0,,11,11,10,instagram,instagram_reels,,,1,1,,,,1,1,,,,,,,,,,,,,,,,,,,,,,,,,,,,,,,,,,,,,,,,,,,,,,,,,,,,,,,,,,,,,,,,
120243101620220627,BOFU_Conversion_Prospecting_07/03/26,120243101620230627,Luxury Lifestyle Stack,2026-04-13,2026-04-19,2.47,8,8,0,0,,308.75,1,0,,1,1,1,instagram,instagram_stories,,,,,,,,,,,,,,,,,,,,,,,,,,,,,,,,,,,,,,,,,,,,,,,,,,,,,,,,,,,,,,,,,,,,,,,,,
120243101620220627,BOFU_Conversion_Prospecting_07/03/26,120243101620230627,Luxury Lifestyle Stack,2026-04-13,2026-04-19,0,1,1,0,0,,0,1,0,,,,,messenger,messenger_stories,,,,,,,,,,,,,,,,,,,,,,,,,,,,,,,,,,,,,,,,,,,,,,,,,,,,,,,,,,,,,,,,,,,,,,,,,
120243101620220627,BOFU_Conversion_Prospecting_07/03/26,120243104078000627,Lookalike Audience,2026-04-13,2026-04-19,7.870234,36,16,2,5.555556,3.935117,218.617607,2.25,2,2,15,15,13,audience_network,an_classic,,,,,,,,,,,,,,,2,,2,2,,,,2,,,2,2,,,9398,9398,,,9398,9398,9398,,,,,,,,,,,,,,,,,,,,,,,,,,,,,,,,,,,,,,
120243101620220627,BOFU_Conversion_Prospecting_07/03/26,120243104078000627,Lookalike Audience,2026-04-13,2026-04-19,0.300009,1,1,0,0,,300.008914,1,0,,1,1,1,audience_network,rewarded_video,,,,,,,,,,,,,,,,,,,,,,,,,,,,,,,,,,,,,,,,,,,,,,,,,,,,,,,,,,,,,,,,,,,,,,,,,
120243101620220627,BOFU_Conversion_Prospecting_07/03/26,120243104078000627,Lookalike Audience,2026-04-13,2026-04-19,0.080002,3,3,0,0,,26.667459,1,0,,1,1,1,facebook,biz_disco_feed,,,,,,,,,,,,,,,,,,,,,,,,,,,,,,,,,,,,,,,,,,,,,,,,,,,,,,,,,,,,,,,,,,,,,,,,,
120243101620220627,BOFU_Conversion_Prospecting_07/03/26,120243104078000627,Lookalike Audience,2026-04-13,2026-04-19,0.33001,7,7,0,0,,47.144258,1,0,,1,1,1,facebook,facebook_profile_feed,,,,,,,,,,,,,,,,,,,,,,,,,,,,,,,,,,,,,,,,,,,,,,,,,,,,,,,,,,,,,,,,,,,,,,,,,
120243101620220627,BOFU_Conversion_Prospecting_07/03/26,120243104078000627,Lookalike Audience,2026-04-13,2026-04-19,267.937961,1544,847,17,1.101036,15.761057,173.534949,1.822904,10,10,124,124,111,facebook,facebook_reels,,,3,3,,,,3,3,2,2,8,5,8,13,5,13,13,5,2,5,13,,2,13,13,5,8269,42662,42662,8269,8269,42662,42662,42662,8269,8269,,1,1,2,1,1,1,1,1,2,1,1,2,2,899,6722.1,800,6722.1,0.09,899,899,6722.1,800,899,6722.1,899,899,,,,,,,,,
120243101620220627,BOFU_Conversion_Prospecting_07/03/26,120243104078000627,Lookalike Audience,2026-04-13,2026-04-19,1.460043,39,21,0,0,,37.43701,1.857143,0,,,,,facebook,facebook_reels_overlay,,,,,,,,,,,,,,,,,,,,,,,,,,,,,,,,,,,,,,,,,,,,,,,,,,,,,,,,,,,,,,,,,,,,,,,,,
120243101620220627,BOFU_Conversion_Prospecting_07/03/26,120243104078000627,Lookalike Audience,2026-04-13,2026-04-19,24.91074,69,58,2,2.898551,12.45537,361.025219,1.189655,2,2,9,9,7,facebook,facebook_stories,,,,,,,,,,,,2,,2,2,,2,2,,,,2,,,2,2,,,5499,5499,,,5499,5499,5499,,,,,,,,,,,,,,,,,,,,,,,,,,,,,,,,,,,,,,
120243101620220627,BOFU_Conversion_Prospecting_07/03/26,120243104078000627,Lookalike Audience,2026-04-13,2026-04-19,922.117397,1967,1372,44,2.236909,20.957214,468.793796,1.433673,24,24,269,269,241,facebook,feed,,,4,4,,,,4,4,,,11,,11,19,,19,19,,,,19,,,19,19,,,53056,53056,,,53056,53056,53056,,,,,,,,,,,,,,,,,,,,,,,,,,,,,,,,,,,,,,
120243101620220627,BOFU_Conversion_Prospecting_07/03/26,120243104078000627,Lookalike Audience,2026-04-13,2026-04-19,23.700704,159,115,2,1.257862,11.850352,149.061033,1.382609,1,1,76,76,75,facebook,instream_video,,,,,,,,,,,,1,,1,1,,1,1,,,,1,,,1,1,,,4699,4699,,,4699,4699,4699,,,,,,,,,,,,,,,,,,,,,,,,,,,,,,,,,,,,,,
120243101620220627,BOFU_Conversion_Prospecting_07/03/26,120243104078000627,Lookalike Audience,2026-04-13,2026-04-19,0.380011,16,13,0,0,,23.750706,1.230769,0,,5,5,5,facebook,marketplace,,,,,,,,,,,,,,,,,,,,,,,,,,,,,,,,,,,,,,,,,,,,,,,,,,,,,,,,,,,,,,,,,,,,,,,,,
120243101620220627,BOFU_Conversion_Prospecting_07/03/26,120243104078000627,Lookalike Audience,2026-04-13,2026-04-19,0.68002,34,12,0,0,,20.000594,2.833333,0,,,,,facebook,right_hand_column,,,,,,,,,,,,,,,,,,,,,,,,,,,,,,,,,,,,,,,,,,,,,,,,,,,,,,,,,,,,,,,,,,,,,,,,,
120243101620220627,BOFU_Conversion_Prospecting_07/03/26,120243104078000627,Lookalike Audience,2026-04-13,2026-04-19,0.250007,8,8,0,0,,31.250929,1,0,,,,,facebook,search,,,,,,,,,,,,,,,,,,,,,,,,,,,,,,,,,,,,,,,,,,,,,,,,,,,,,,,,,,,,,,,,,,,,,,,,,
120243101620220627,BOFU_Conversion_Prospecting_07/03/26,120243104078000627,Lookalike Audience,2026-04-13,2026-04-19,2481.373725,8279,6150,150,1.811813,16.542492,299.719015,1.346179,126,126,1334,1334,1173,instagram,feed,,2,35,38,6,9,8,16,18,,,112,9,112,163,9,163,163,9,,9,163,,,163,163,9,15873,491297,491297,15873,15873,491297,491297,491297,15873,15873,1,2,2,4,2,2,2,2,2,4,2,2,4,4,5580,6150,5580,6150,0.56,5580,5580,6150,5580,5580,6150,5580,5580,2,2,1,,,,,,
120243101620220627,BOFU_Conversion_Prospecting_07/03/26,120243104078000627,Lookalike Audience,2026-04-13,2026-04-19,3.520105,449,446,0,0,,7.839877,1.006726,0,,71,71,71,instagram,instagram_explore_grid_home,,,,,,,,,,,,,,,,,,,,,,,,,,,,,,,,,,,,,,,,,,,,,,,,,,,,,,,,,,,,,,,,,,,,,,,,,
120243101620220627,BOFU_Conversion_Prospecting_07/03/26,120243104078000627,Lookalike Audience,2026-04-13,2026-04-19,1524.755303,11251,7868,81,0.719936,18.82414,135.521758,1.42997,47,47,885,885,818,instagram,instagram_reels,,2,20,22,,,,17,19,,,42,8,42,95,8,95,95,8,,8,95,,,95,95,8,5879,219740,219740,5879,5879,219740,219740,219740,5879,5879,,,,,,,,,,,,,,,,,,,,,,,,,,,,1,1,,,,,,,
120243101620220627,BOFU_Conversion_Prospecting_07/03/26,120243104078000627,Lookalike Audience,2026-04-13,2026-04-19,0.170005,50,50,0,0,,3.400101,1,0,,,,,instagram,instagram_search,,,,,,,,,,,,,,,,,,,,,,,,,,,,,,,,,,,,,,,,,,,,,,,,,,,,,,,,,,,,,,,,,,,,,,,,,
120243101620220627,BOFU_Conversion_Prospecting_07/03/26,120243104078000627,Lookalike Audience,2026-04-13,2026-04-19,1131.153608,3603,2711,71,1.97058,15.931741,313.947713,1.32903,59,59,334,334,275,instagram,instagram_stories,,,,,,,,,,,,49,11,49,77,11,77,77,11,,11,77,,,77,77,11,37459.2,200015,200015,37459.2,37459.2,200015,200015,200015,37459.2,37459.2,,1,1,3,1,1,1,1,1,3,1,1,3,3,800,18252,701,18252,0.08,800,800,18252,701,800,18252,800,800,,,,,,,,,
120243101620220627,BOFU_Conversion_Prospecting_07/03/26,120243104078000627,Lookalike Audience,2026-04-13,2026-04-19,3.840114,1594,1505,13,0.815558,0.295393,2.409105,1.059136,13,13,247,247,233,threads,threads_feed,,,1,1,,,,1,1,,,1,,1,1,,1,1,,,,1,,,1,1,,,800,800,,,800,800,800,,,,,,,,,,,,,,,,,,,,,,,,,,,,,,,,,,,,,,
120243101620220627,BOFU_Conversion_Prospecting_07/03/26,120243104078930627,Perfume Enthusiasts,2026-04-13,2026-04-19,7.660016,94,38,9,9.574468,0.851113,81.489537,2.473684,9,9,40,40,31,audience_network,an_classic,,,,,,,,,,,,7,,7,11,,11,11,,,,11,,,11,11,,,36176,36176,,,36176,36176,36176,,,,,,,,,,,,,,,,,,,,,,,,,,,,,,,,,,,,,,
120243101620220627,BOFU_Conversion_Prospecting_07/03/26,120243104078930627,Perfume Enthusiasts,2026-04-13,2026-04-19,0.340001,4,4,1,25,0.340001,85.000183,1,1,1,5,5,4,audience_network,rewarded_video,,,,,,,,,,,,1,,1,1,,1,1,,,,1,,,1,1,,,1890,1890,,,1890,1890,1890,,,,,,,,,,,,,,,,,,,,,,,,,,,,,,,,,,,,,,
120243101620220627,BOFU_Conversion_Prospecting_07/03/26,120243104078930627,Perfume Enthusiasts,2026-04-13,2026-04-19,0,1,1,0,0,,0,1,0,,,,,facebook,biz_disco_feed,,,,,,,,,,,,,,,,,,,,,,,,,,,,,,,,,,,,,,,,,,,,,,,,,,,,,,,,,,,,,,,,,,,,,,,,,
120243101620220627,BOFU_Conversion_Prospecting_07/03/26,120243104078930627,Perfume Enthusiasts,2026-04-13,2026-04-19,0.400001,2,2,0,0,,200.00043,1,0,,,,,facebook,facebook_notification,,,,,,,,,,,,,,,,,,,,,,,,,,,,,,,,,,,,,,,,,,,,,,,,,,,,,,,,,,,,,,,,,,,,,,,,,
120243101620220627,BOFU_Conversion_Prospecting_07/03/26,120243104078930627,Perfume Enthusiasts,2026-04-13,2026-04-19,6.740014,6,6,0,0,,1123.335748,1,0,,,,,facebook,facebook_profile_feed,,,,,,,,,,,,,,,,,,,,,,,,,,,,,,,,,,,,,,,,,,,,,,,,,,,,,,,,,,,,,,,,,,,,,,,,,
120243101620220627,BOFU_Conversion_Prospecting_07/03/26,120243104078930627,Perfume Enthusiasts,2026-04-13,2026-04-19,301.230647,1971,1003,24,1.217656,12.551277,152.831379,1.965105,17,17,189,189,168,facebook,facebook_reels,,,4,4,,,,4,4,1,1,14,,14,18,,18,18,,1,,18,,1,18,18,,,52661,52661,,,52661,52661,52661,,,,,,1,,,,,,1,,,1,1,,2142,,2142,,,,2142,,,2142,,,,,,,,,,,
120243101620220627,BOFU_Conversion_Prospecting_07/03/26,120243104078930627,Perfume Enthusiasts,2026-04-13,2026-04-19,2.160005,51,24,0,0,,42.353032,2.125,0,,,,,facebook,facebook_reels_overlay,,,,,,,,,,,,,,,,,,,,,,,,,,,,,,,,,,,,,,,,,,,,,,,,,,,,,,,,,,,,,,,,,,,,,,,,,
120243101620220627,BOFU_Conversion_Prospecting_07/03/26,120243104078930627,Perfume Enthusiasts,2026-04-13,2026-04-19,25.580055,81,69,2,2.469136,12.790027,315.803148,1.173913,2,2,9,9,7,facebook,facebook_stories,,,,,,,,,,,,1,,1,1,,1,1,,,,1,,,1,1,,,4699,4699,,,4699,4699,4699,,,,,,,,,,,,,,,,,,,,,,,,,,,,,,,,,,,,,,
120243101620220627,BOFU_Conversion_Prospecting_07/03/26,120243104078930627,Perfume Enthusiasts,2026-04-13,2026-04-19,1342.992887,2989,2173,74,2.475744,18.148553,449.311772,1.375518,44,44,480,478,431,facebook,feed,,,3,3,,,,3,3,,,33,13,33,52,13,52,52,13,,13,52,2,,52,52,13,23575,132334,132334,23575,23575,132334,132334,132334,23575,23575,,1,1,4,1,2,1,1,1,4,1,2,4,4,1221,2502,2502,2502,0.12,1221,1221,2502,2502,1221,2502,1221,1221,,,,2,2,1,2,,
120243101620220627,BOFU_Conversion_Prospecting_07/03/26,120243104078930627,Perfume Enthusiasts,2026-04-13,2026-04-19,16.550036,178,115,0,0,,92.977728,1.547826,0,,70,70,70,facebook,instream_video,,,,,,,,,,,,,,,,,,,,,,,,,,,,,,,,,,,,,,,,,,,,,,,,,,,,,,,,,,,,,,,,,,,,,,,,,
120243101620220627,BOFU_Conversion_Prospecting_07/03/26,120243104078930627,Perfume Enthusiasts,2026-04-13,2026-04-19,1.570003,6,6,0,0,,261.667229,1,0,,1,1,1,facebook,marketplace,,,,,,,,,,,,,,,,,,,,,,,,,,,,,,,,,,,,,,,,,,,,,,,,,,,,,,,,,,,,,,,,,,,,,,,,,
120243101620220627,BOFU_Conversion_Prospecting_07/03/26,120243104078930627,Perfume Enthusiasts,2026-04-13,2026-04-19,9.020019,16,7,0,0,,563.751212,2.285714,0,,,,,facebook,right_hand_column,,,,,,,,,,,,,,,,,,,,,,,,,,,,,,,,,,,,,,,,,,,,,,,,,,,,,,,,,,,,,,,,,,,,,,,,,
120243101620220627,BOFU_Conversion_Prospecting_07/03/26,120243104078930627,Perfume Enthusiasts,2026-04-13,2026-04-19,0.250001,10,10,0,0,,25.000054,1,0,,,,,facebook,search,,,,,,,,,,,,,,,,,,,,,,,,,,,,,,,,,,,,,,,,,,,,,,,,,,,,,,,,,,,,,,,,,,,,,,,,,
120243101620220627,BOFU_Conversion_Prospecting_07/03/26,120243104078930627,Perfume Enthusiasts,2026-04-13,2026-04-19,4189.909006,11567,9219,214,1.850091,19.579014,362.229533,1.254691,181,181,2167,2167,1962,instagram,feed,,1,24,25,1,2,2,20,21,3,3,166,8,166,249,8,249,249,8,3,8,249,1,3,249,249,8,12484.33,826296.5,826296.5,12484.33,12484.33,826296.5,826296.5,826296.5,12484.33,12484.33,,1,1,5,1,1,1,1,1,5,1,1,5,5,1169,2030,1070,2030,0.12,1169,1169,2030,1070,1169,2030,1169,1169,,,,,,,,,
120243101620220627,BOFU_Conversion_Prospecting_07/03/26,120243104078930627,Perfume Enthusiasts,2026-04-13,2026-04-19,4.120009,803,782,0,0,,5.130771,1.026854,0,,107,107,107,instagram,instagram_explore_grid_home,,,,,,,,,,,,,,,,,,,,,,,,,,,,,,,,,,,,,,,,,,,,,,,,,,,,,,,,,,,,,,,,,,,,,,,,,
120243101620220627,BOFU_Conversion_Prospecting_07/03/26,120243104078930627,Perfume Enthusiasts,2026-04-13,2026-04-19,1922.304132,15491,10186,120,0.774643,16.019201,124.091675,1.520813,68,68,1184,1184,1085,instagram,instagram_reels,,5,31,36,4,2,2,20,25,5,5,61,16,61,129,16,129,129,16,5,16,129,,5,129,129,16,37478.67,336994.5,336994.5,37478.67,37478.67,336994.5,336994.5,336994.5,37478.67,37478.67,,4,4,5,4,5,4,4,4,5,4,5,5,5,7600,6979,9201,6979,0.76,7600,7600,6979,9201,7600,6979,7600,7600,,,,,,,,,
120243101620220627,BOFU_Conversion_Prospecting_07/03/26,120243104078930627,Perfume Enthusiasts,2026-04-13,2026-04-19,0.18,52,51,0,0,,3.461546,1.019608,0,,,,,instagram,instagram_search,,,,,,,,,,,,,,,,,,,,,,,,,,,,,,,,,,,,,,,,,,,,,,,,,,,,,,,,,,,,,,,,,,,,,,,,,
120243101620220627,BOFU_Conversion_Prospecting_07/03/26,120243104078930627,Perfume Enthusiasts,2026-04-13,2026-04-19,1465.39315,4921,3764,69,1.402154,21.237582,297.783611,1.307386,53,53,477,477,423,instagram,instagram_stories,,,1,1,1,,,,,,,41,6,41,73,6,73,73,6,,6,73,,,73,73,6,8159,193023,193023,8159,8159,193023,193023,193023,8159,8159,,1,1,2,1,2,1,1,1,2,1,2,2,2,1159,4522,3202,4522,0.12,1159,1159,4522,3202,1159,4522,1159,1159,,,,,,,,,
120243101620220627,BOFU_Conversion_Prospecting_07/03/26,120243104078930627,Perfume Enthusiasts,2026-04-13,2026-04-19,8.200018,2379,2193,133,5.590584,0.061654,3.446834,1.084815,133,133,437,437,301,threads,threads_feed,,,3,3,,,,3,3,,,13,,13,11,,11,11,,,,11,,,11,11,,,23599,23599,,,23599,23599,23599,,,,,,,,,,,,,,,,,,,,,,,,,,,,,,,,,,,,,,
120243101620220627,BOFU_Conversion_Prospecting_07/03/26,120243104079550627,Open Targeting (Metro Cities),2026-04-13,2026-04-19,12.38,39,34,2,5.128205,6.19,317.435897,1.147059,0,,9,9,8,facebook,facebook_reels,,,1,1,,,,1,1,,,,,,,,,,,,,,,,,,,,,,,,,,,,,,,,,,,,,,,,,,,,,,,,,,,,,,,,,,,,,,,,
120243101620220627,BOFU_Conversion_Prospecting_07/03/26,120243104079550627,Open Targeting (Metro Cities),2026-04-13,2026-04-19,7.17,6,6,0,0,,1195,1,0,,1,1,1,facebook,feed,,,,,,,,,,,,,,,,,,,,,,,,,,,,,,,,,,,,,,,,,,,,,,,,,,,,,,,,,,,,,,,,,,,,,,,,,
120243101620220627,BOFU_Conversion_Prospecting_07/03/26,120243104079550627,Open Targeting (Metro Cities),2026-04-13,2026-04-19,0.37,4,4,0,0,,92.5,1,0,,,,,facebook,instream_video,,,,,,,,,,,,,,,,,,,,,,,,,,,,,,,,,,,,,,,,,,,,,,,,,,,,,,,,,,,,,,,,,,,,,,,,,
120243101620220627,BOFU_Conversion_Prospecting_07/03/26,120243104079550627,Open Targeting (Metro Cities),2026-04-13,2026-04-19,9.62,41,39,1,2.439024,9.62,234.634146,1.051282,1,1,8,8,7,instagram,feed,,,,,,,,,,,,1,,1,1,,1,1,,,,1,,,1,1,,,800,800,,,800,800,800,,,,,,,,,,,,,,,,,,,,,,,,,,,,,,,,,,,,,,
120243101620220627,BOFU_Conversion_Prospecting_07/03/26,120243104079550627,Open Targeting (Metro Cities),2026-04-13,2026-04-19,0,1,1,0,0,,0,1,0,,,,,instagram,instagram_explore_grid_home,,,,,,,,,,,,,,,,,,,,,,,,,,,,,,,,,,,,,,,,,,,,,,,,,,,,,,,,,,,,,,,,,,,,,,,,,
120243101620220627,BOFU_Conversion_Prospecting_07/03/26,120243104079550627,Open Targeting (Metro Cities),2026-04-13,2026-04-19,36.61,230,219,0,0,,159.173913,1.050228,0,,27,27,27,instagram,instagram_reels,,,,,,,,,,,,,,,,,,,,,,,,,,,,,,,,,,,,,,,,,,,,,,,,,,,,,,,,,,,,,,,,,,,,,,,,,
120243101620220627,BOFU_Conversion_Prospecting_07/03/26,120243104079550627,Open Targeting (Metro Cities),2026-04-13,2026-04-19,6.6,27,27,0,0,,244.444444,1,0,,5,5,5,instagram,instagram_stories,,,,,,,,,,,,,,,,,,,,,,,,,,,,,,,,,,,,,,,,,,,,,,,,,,,,,,,,,,,,,,,,,,,,,,,,,
120243101620220627,BOFU_Conversion_Prospecting_07/03/26,120243104079550627,Open Targeting (Metro Cities),2026-04-13,2026-04-19,0,5,5,0,0,,0,1,0,,,,,threads,threads_feed,,,,,,,,,,,,,,,,,,,,,,,,,,,,,,,,,,,,,,,,,,,,,,,,,,,,,,,,,,,,,,,,,,,,,,,,,
120243108410360627,BOFU_Conversions_07/03/26,120243109066140627,Warm : Retarget,2026-04-13,2026-04-19,8.49,61,27,11,18.032787,0.771818,139.180328,2.259259,13,13,57,57,44,audience_network,an_classic,,,,,,,,,,,,5,,5,1,,1,1,,,,1,,,1,1,,,1890,1890,,,1890,1890,1890,,,,,,,,,,,,,,,,,,,,,,,,,,,,,,,,,,,,,,
120243108410360627,BOFU_Conversions_07/03/26,120243109066140627,Warm : Retarget,2026-04-13,2026-04-19,6.78,19,12,7,36.842105,0.968571,356.842105,1.583333,7,7,26,26,19,audience_network,rewarded_video,,,,,,,,,,,,4,,4,,,,,,,,,,,,,,,,,,,,,,,,,,,,,,,,,,,,,,,,,,,,,,,,,,,,,,,,,,,
120243108410360627,BOFU_Conversions_07/03/26,120243109066140627,Warm : Retarget,2026-04-13,2026-04-19,0.19,1,1,0,0,,190,1,0,,,,,facebook,facebook_notification,,,,,,,,,,,,,,,,,,,,,,,,,,,,,,,,,,,,,,,,,,,,,,,,,,,,,,,,,,,,,,,,,,,,,,,,,
120243108410360627,BOFU_Conversions_07/03/26,120243109066140627,Warm : Retarget,2026-04-13,2026-04-19,0.2,5,5,0,0,,40,1,0,,,,,facebook,facebook_profile_feed,,,,,,,,,,,,,,,,,,,,,,,,,,,,,,,,,,,,,,,,,,,,,,,,,,,,,,,,,,,,,,,,,,,,,,,,,
120243108410360627,BOFU_Conversions_07/03/26,120243109066140627,Warm : Retarget,2026-04-13,2026-04-19,354.65,2043,1148,19,0.930005,18.665789,173.592756,1.779617,12,12,358,358,344,facebook,facebook_reels,,1,2,3,,,,1,2,,,9,6,9,12,6,12,12,6,,6,12,,,12,12,6,2609,9819,9819,2609,2609,9819,9819,9819,2609,2609,,2,2,2,2,2,2,2,2,2,2,2,2,2,1789,1789,1721,1789,0.18,1789,1789,1789,1721,1789,1789,1789,1789,,,,,,,,,
120243108410360627,BOFU_Conversions_07/03/26,120243109066140627,Warm : Retarget,2026-04-13,2026-04-19,1.76,42,28,1,2.380952,1.76,41.904762,1.5,1,1,1,1,,facebook,facebook_reels_overlay,,,,,,,,,,,,,,,,,,,,,,,,,,,,,,,,,,,,,,,,,,,,,,,,,,,,,,,,,,,,,,,,,,,,,,,,,
120243108410360627,BOFU_Conversions_07/03/26,120243109066140627,Warm : Retarget,2026-04-13,2026-04-19,53.26,124,102,2,1.612903,26.63,429.516129,1.215686,2,2,22,22,20,facebook,facebook_stories,,,,,,,,,,,,1,,1,,,,,,,,,,,,,,,,,,,,,,,,,,,,,,,,,,,,,,,,,,,,,,,,,,,,,,,,,,,
120243108410360627,BOFU_Conversions_07/03/26,120243109066140627,Warm : Retarget,2026-04-13,2026-04-19,536.33,1526,1044,47,3.079948,11.411277,351.461337,1.461686,26,26,268,268,240,facebook,feed,,1,2,3,,,,1,2,1,1,15,3,15,31,3,31,31,3,1,3,31,1,1,31,31,3,7160,45798,45798,7160,7160,45798,45798,45798,7160,7160,,,,,,,,,,,,,,,,,,,,,,,,,,,,,,,1,,,1,,
120243108410360627,BOFU_Conversions_07/03/26,120243109066140627,Warm : Retarget,2026-04-13,2026-04-19,55.4,410,240,4,0.97561,13.85,135.121951,1.708333,4,4,134,134,130,facebook,instream_video,,1,,1,,,,0,,1,1,3,,3,2,,2,2,,1,,2,,1,2,2,,,2690,2690,,,2690,2690,2690,,,,,,,,,,,,,,,,,,,,,,,,,,,,,,,,,,,,,,
120243108410360627,BOFU_Conversions_07/03/26,120243109066140627,Warm : Retarget,2026-04-13,2026-04-19,0.47,11,8,0,0,,42.727273,1.375,0,,7,7,7,facebook,marketplace,,,,,,,,,,,,,,,,,,,,,,,,,,,,,,,,,,,,,,,,,,,,,,,,,,,,,,,,,,,,,,,,,,,,,,,,,
120243108410360627,BOFU_Conversions_07/03/26,120243109066140627,Warm : Retarget,2026-04-13,2026-04-19,0.16,1,1,0,0,,160,1,0,,,,,facebook,search,,,,,,,,,,,,,,,,,,,,,,,,,,,,,,,,,,,,,,,,,,,,,,,,,,,,,,,,,,,,,,,,,,,,,,,,,
120243108410360627,BOFU_Conversions_07/03/26,120243109066140627,Warm : Retarget,2026-04-13,2026-04-19,1140.33,3822,2900,61,1.596023,18.693934,298.359498,1.317931,43,43,758,758,713,instagram,feed,,,2,2,1,,,1,1,,,35,4,35,50,4,50,50,4,,4,50,,,50,50,4,2560,74649,74649,2560,2560,74649,74649,74649,2560,2560,,,,6,,,,,,6,,,6,6,,3461,,3461,,,,3461,,,3461,,,,,,,,,,,
120243108410360627,BOFU_Conversions_07/03/26,120243109066140627,Warm : Retarget,2026-04-13,2026-04-19,3.81,328,307,0,0,,11.615854,1.068404,0,,104,104,104,instagram,instagram_explore_grid_home,,,,,,,,,,,,,,,,,,,,,,,,,,,,,,,,,,,,,,,,,,,,,,,,,,,,,,,,,,,,,,,,,,,,,,,,,
120243108410360627,BOFU_Conversions_07/03/26,120243109066140627,Warm : Retarget,2026-04-13,2026-04-19,2099.23,17622,11159,209,1.186017,10.044163,119.125525,1.579174,122,122,2323,2323,2171,instagram,instagram_reels,,7,30,37,5,,,18,25,,,99,9,99,137,9,137,137,9,,9,137,,,137,137,9,9015,299636,299636,9015,9015,299636,299636,299636,9015,9015,,1,1,7,1,1,1,1,1,7,1,1,7,7,2905,5245,2905,5245,0.29,2905,2905,5245,2905,2905,5245,2905,2905,,,,,,,,,
120243108410360627,BOFU_Conversions_07/03/26,120243109066140627,Warm : Retarget,2026-04-13,2026-04-19,0.25,32,32,0,0,,7.8125,1,0,,,,,instagram,instagram_search,,,,,,,,,,,,,,,,,,,,,,,,,,,,,,,,,,,,,,,,,,,,,,,,,,,,,,,,,,,,,,,,,,,,,,,,,
120243108410360627,BOFU_Conversions_07/03/26,120243109066140627,Warm : Retarget,2026-04-13,2026-04-19,597.23,2079,1360,25,1.202501,23.8892,287.267917,1.528676,16,16,183,183,167,instagram,instagram_stories,,,,,,,,,,,,12,4,12,22,4,22,22,4,,4,22,,,22,22,4,6640,50509,50509,6640,6640,50509,50509,50509,6640,6640,,1,1,3,1,1,1,1,1,3,1,1,3,3,3990,15228,3491,15228,0.4,3990,3990,15228,3491,3990,15228,3990,3990,,,,1,,1,,,
120243108410360627,BOFU_Conversions_07/03/26,120243109066140627,Warm : Retarget,2026-04-13,2026-04-19,2.91,1273,1245,10,0.785546,0.291,2.285939,1.02249,10,10,275,275,261,threads,threads_feed,,1,4,5,,,,3,4,,,5,,5,1,,1,1,,,,1,,,1,1,,,3200,3200,,,3200,3200,3200,,,,,,,,,,,,,,,,,,,,,,,,,,,,,,,,,,,,,,
120243108410360627,BOFU_Conversions_07/03/26,120243109066140627,Warm : Retarget,2026-04-13,2026-04-19,0,0,0,2,,0,,0,0,,,,,unknown,unknown,,,,,,,,,,,,,,,,,,,,,,,,,,,,,,,,,,,,,,,,,,,,,,,,,,,,,,,,,,,,,,,,,,,,,,,,,
120243108410360627,BOFU_Conversions_07/03/26,120243109120320627,Hot: ATC IN – Copy,2026-04-13,2026-04-19,6.970239,75,16,5,6.666667,1.394048,92.936515,4.6875,5,5,6,6,1,audience_network,an_classic,,,,,,,,,,,,1,,1,,,,,,,,,,,,,,,,,,,,,,,,,,,,,,,,,,,,,,,,,,,,,,,,,,,,,,,,,,,
120243108410360627,BOFU_Conversions_07/03/26,120243109120320627,Hot: ATC IN – Copy,2026-04-13,2026-04-19,0.440015,7,6,0,0,,62.859295,1.166667,0,,,,,facebook,facebook_profile_feed,,,,,,,,,,,,,,,,,,,,,,,,,,,,,,,,,,,,,,,,,,,,,,,,,,,,,,,,,,,,,,,,,,,,,,,,,
120243108410360627,BOFU_Conversions_07/03/26,120243109120320627,Hot: ATC IN – Copy,2026-04-13,2026-04-19,69.582382,556,293,1,0.179856,69.582382,125.148169,1.897611,1,1,4,4,3,facebook,facebook_reels,,,,,,,,,,,,1,,1,3,,3,3,,,,3,,,3,3,,,3380,3380,,,3380,3380,3380,,,,,,,,,,,,,,,,,,,,,,,,,,,,,,,,,,,,,,
120243108410360627,BOFU_Conversions_07/03/26,120243109120320627,Hot: ATC IN – Copy,2026-04-13,2026-04-19,0.490017,15,12,0,0,,32.667785,1.25,0,,,,,facebook,facebook_reels_overlay,,,,,,,,,,,,,,,,,,,,,,,,,,,,,,,,,,,,,,,,,,,,,,,,,,,,,,,,,,,,,,,,,,,,,,,,,
120243108410360627,BOFU_Conversions_07/03/26,120243109120320627,Hot: ATC IN – Copy,2026-04-13,2026-04-19,3.090106,15,12,0,0,,206.007052,1.25,0,,,,,facebook,facebook_stories,,,,,,,,,,,,,,,,,,,,,,,,,,,,,,,,,,,,,,,,,,,,,,,,,,,,,,,,,,,,,,,,,,,,,,,,,
120243108410360627,BOFU_Conversions_07/03/26,120243109120320627,Hot: ATC IN – Copy,2026-04-13,2026-04-19,245.248395,763,480,6,0.78637,40.874733,321.426468,1.589583,3,3,7,7,3,facebook,feed,,,1,1,,,,1,1,,,4,,4,3,,3,3,,,,3,,,3,3,,,6770,6770,,,6770,6770,6770,,,,,,2,,,,,,2,,,2,2,,570,,570,,,,570,,,570,,,,,,,,,,,
120243108410360627,BOFU_Conversions_07/03/26,120243109120320627,Hot: ATC IN – Copy,2026-04-13,2026-04-19,3.630124,117,74,0,0,,31.026703,1.581081,0,,,,,facebook,instream_video,,,,,,,,,,,,,,,,,,,,,,,,,,,,,,,,,,,,,,,,,,,,,,,,,,,,,,,,,,,,,,,,,,,,,,,,,
120243108410360627,BOFU_Conversions_07/03/26,120243109120320627,Hot: ATC IN – Copy,2026-04-13,2026-04-19,1.100038,3,3,0,0,,366.679219,1,0,,,,,facebook,marketplace,,,,,,,,,,,,,,,,,,,,,,,,,,,,,,,,,,,,,,,,,,,,,,,,,,,,,,,,,,,,,,,,,,,,,,,,,
120243108410360627,BOFU_Conversions_07/03/26,120243109120320627,Hot: ATC IN – Copy,2026-04-13,2026-04-19,2.960101,49,16,0,0,,60.410231,3.0625,0,,,,,facebook,right_hand_column,,,,,,,,,,,,,,,,,,,,,,,,,,,,,,,,,,,,,,,,,,,,,,,,,,,,,,,,,,,,,,,,,,,,,,,,,
120243108410360627,BOFU_Conversions_07/03/26,120243109120320627,Hot: ATC IN – Copy,2026-04-13,2026-04-19,0.230008,2,2,0,0,,115.003937,1,0,,,,,facebook,search,,,,,,,,,,,,,,,,,,,,,,,,,,,,,,,,,,,,,,,,,,,,,,,,,,,,,,,,,,,,,,,,,,,,,,,,,
120243108410360627,BOFU_Conversions_07/03/26,120243109120320627,Hot: ATC IN – Copy,2026-04-13,2026-04-19,544.018622,2225,1309,11,0.494382,49.456238,244.502752,1.699771,10,10,250,250,235,instagram,feed,,,5,5,1,,,4,4,3,3,10,14,10,41,14,41,41,14,3,14,41,,3,41,41,14,23918,47703,47703,23918,23918,47703,47703,47703,23918,23918,,2,2,6,2,2,2,2,2,6,2,2,6,6,13874,18681,13874,18681,1.39,13874,13874,18681,13874,13874,18681,13874,13874,,,,,,,,,
120243108410360627,BOFU_Conversions_07/03/26,120243109120320627,Hot: ATC IN – Copy,2026-04-13,2026-04-19,385.243187,3118,1698,24,0.769724,16.051799,123.554582,1.836278,21,21,42,42,20,instagram,instagram_reels,,,1,1,,,,1,1,2,2,13,8,13,33,8,33,33,8,2,8,33,,2,33,33,8,6760,30690,30690,6760,6760,30690,30690,30690,6760,6760,,1,1,7,1,2,1,1,1,7,1,2,7,7,1190,4644.1,3880,4644.1,0.12,1190,1190,4644.1,3880,1190,4644.1,1190,1190,,,,,,,,,
120243108410360627,BOFU_Conversions_07/03/26,120243109120320627,Hot: ATC IN – Copy,2026-04-13,2026-04-19,0.100003,2,2,0,0,,50.001712,1,0,,,,,instagram,instagram_search,,,,,,,,,,,,,,,,,,,,,,,,,,,,,,,,,,,,,,,,,,,,,,,,,,,,,,,,,,,,,,,,,,,,,,,,,
120243108410360627,BOFU_Conversions_07/03/26,120243109120320627,Hot: ATC IN – Copy,2026-04-13,2026-04-19,195.756701,530,365,8,1.509434,24.469588,369.352266,1.452055,8,8,8,8,,instagram,instagram_stories,,,,,,,,,,,,6,4,6,10,4,10,10,4,,4,10,,,10,10,4,3670,12530,12530,3670,3670,12530,12530,12530,3670,3670,,,,2,,,,,,2,,,2,2,,2090,,2090,,,,2090,,,2090,,,,,,,,2,,1,
120243108410360627,BOFU_Conversions_07/03/26,120243109120320627,Hot: ATC IN – Copy,2026-04-13,2026-04-19,1.790061,37,36,0,0,,48.380034,1.027778,0,,,,,threads,threads_feed,,,,,,,,,,,,,,,,,,,,,,,,,,,,,,,,,,,,,,,,,,,,,,,,,,,,,,,,,,,,,,,,,,,,,,,,,
120243108410360627,BOFU_Conversions_07/03/26,120243109200350627,Engaged: Retarget,2026-04-13,2026-04-19,0.3,1,1,0,0,,300,1,0,,1,1,1,audience_network,an_classic,,,,,,,,,,,,,,,,,,,,,,,,,,,,,,,,,,,,,,,,,,,,,,,,,,,,,,,,,,,,,,,,,,,,,,,,,
120243108410360627,BOFU_Conversions_07/03/26,120243109200350627,Engaged: Retarget,2026-04-13,2026-04-19,0.36,1,1,1,100,0.36,360,1,1,1,2,2,1,audience_network,rewarded_video,,,,,,,,,,,,1,,1,1,,1,1,,,,1,,,1,1,,,2880,2880,,,2880,2880,2880,,,,,,,,,,,,,,,,,,,,,,,,,,,,,,,,,,,,,,
120243108410360627,BOFU_Conversions_07/03/26,120243109200350627,Engaged: Retarget,2026-04-13,2026-04-19,0.68,4,2,0,0,,170,2,0,,,,,facebook,facebook_reels,,,,,,,,,,,,,,,,,,,,,,,,,,,,,,,,,,,,,,,,,,,,,,,,,,,,,,,,,,,,,,,,,,,,,,,,,
120243108410360627,BOFU_Conversions_07/03/26,120243109200350627,Engaged: Retarget,2026-04-13,2026-04-19,85.14,423,326,16,3.782506,5.32125,201.276596,1.297546,8,8,76,76,67,facebook,feed,,,1,1,,,,1,1,,,6,,6,6,,6,6,,,,6,1,,6,6,,,17440,17440,,,17440,17440,17440,,,,,,,,,,,,,,,,,,,,,,,,,,,,,,,,1,1,,1,1,,2
120243108410360627,BOFU_Conversions_07/03/26,120243109200350627,Engaged: Retarget,2026-04-13,2026-04-19,0.32,1,1,0,0,,320,1,0,,,,,facebook,instream_video,,,,,,,,,,,,,,,,,,,,,,,,,,,,,,,,,,,,,,,,,,,,,,,,,,,,,,,,,,,,,,,,,,,,,,,,,
120243108410360627,BOFU_Conversions_07/03/26,120243109200350627,Engaged: Retarget,2026-04-13,2026-04-19,285.34,1311,1108,13,0.991609,21.949231,217.650648,1.183213,13,13,215,215,191,instagram,feed,,,11,11,1,4,4,6,6,,,9,,9,13,,13,13,,,,13,,,13,13,,,36050,36050,,,36050,36050,36050,,,,,,1,,,,,,1,,,1,1,,,,,,,,,,,,,,,,,,,,,,
120243108410360627,BOFU_Conversions_07/03/26,120243109200350627,Engaged: Retarget,2026-04-13,2026-04-19,25.01,156,135,1,0.641026,25.01,160.320513,1.155556,1,1,16,16,14,instagram,instagram_reels,,,1,1,,,,1,1,,,1,,1,2,,2,2,,,,2,,,2,2,,,8169,8169,,,8169,8169,8169,,,,,,,,,,,,,,,,,,,,,,,,,,,,,,,,,,,,,,
120243108410360627,BOFU_Conversions_07/03/26,120243109200350627,Engaged: Retarget,2026-04-13,2026-04-19,217.23,1023,864,18,1.759531,12.068333,212.346041,1.184028,18,18,113,113,95,instagram,instagram_stories,,,,,,,,,,,,9,,9,12,,12,12,,,,12,,,12,12,,,31895,31895,,,31895,31895,31895,,,,,,,,,,,,,,,,,,,,,,,,,,,,,,,,,,,,,,
120243108410360627,BOFU_Conversions_07/03/26,120243109200350627,Engaged: Retarget,2026-04-13,2026-04-19,0,2,2,0,0,,0,1,0,,1,1,1,threads,threads_feed,,,,,,,,,,,,,,,,,,,,,,,,,,,,,,,,,,,,,,,,,,,,,,,,,,,,,,,,,,,,,,,,,,,,,,,,,
120244098314580627,TOFU - Awareness,120244098314590627,Broad Lifestyle,2026-04-13,2026-04-19,0.17,106,104,0,0,,1.603772,1.019231,0,,11,11,11,facebook,facebook_profile_feed,,,,,,,,,,,,,,,,,,,,,,,,,,,,,,,,,,,,,,,,,,,,,,,,,,,,,,,,,,,,,,,,,,,,,,,,,
120244098314580627,TOFU - Awareness,120244098314590627,Broad Lifestyle,2026-04-13,2026-04-19,344.109606,186137,160649,246,0.132161,1.39882,1.84869,1.158656,13,13,8106,8106,7909,facebook,facebook_reels,,31,184,215,,7,7,146,177,,,1,,1,,,,,,,,,,,,,,,,,,,,,,,,,,,,,,,,,,,,,,,,,,,,,,,,,,,,,,,,,,,
120244098314580627,TOFU - Awareness,120244098314590627,Broad Lifestyle,2026-04-13,2026-04-19,71.529918,40685,38840,54,0.132727,1.324628,1.75814,1.047503,45,45,1280,1280,1235,facebook,facebook_stories,,,,,,,,,,,,5,,5,,,,,,,,,1,,,,,,,,,,,,,,,,,,,,,,,,,,,,,,,,,,,,,,,,,,,,,1,,,1,1,
120244098314580627,TOFU - Awareness,120244098314590627,Broad Lifestyle,2026-04-13,2026-04-19,8.149991,486,476,6,1.234568,1.358332,16.769528,1.021008,1,1,33,33,31,facebook,feed,,,1,1,,,,1,1,,,1,,1,,,,,,,,,,,,,,,,,,,,,,,,,,,,,,,,,,,,,,,,,,,,,,,,,,,,,,,,,,,
120244098314580627,TOFU - Awareness,120244098314590627,Broad Lifestyle,2026-04-13,2026-04-19,0.21,8,8,0,0,,26.24997,1,0,,2,2,2,facebook,instream_video,,,,,,,,,,,,,,,,,,,,,,,,,,,,,,,,,,,,,,,,,,,,,,,,,,,,,,,,,,,,,,,,,,,,,,,,,
120244098314580627,TOFU - Awareness,120244098314590627,Broad Lifestyle,2026-04-13,2026-04-19,9.589989,5182,4652,1,0.019298,9.589989,1.850635,1.113929,0,,374,374,374,facebook,marketplace,,,,,,,,,,,,,,,,,,,,,,,,,,,,,,,,,,,,,,,,,,,,,,,,,,,,,,,,,,,,,,,,,,,,,,,,,
120244098314580627,TOFU - Awareness,120244098314590627,Broad Lifestyle,2026-04-13,2026-04-19,0.14,65,62,0,0,,2.153844,1.048387,0,,25,25,25,facebook,search,,,,,,,,,,,,,,,,,,,,,,,,,,,,,,,,,,,,,,,,,,,,,,,,,,,,,,,,,,,,,,,,,,,,,,,,,
120244098314580627,TOFU - Awareness,120244098314590627,Broad Lifestyle,2026-04-13,2026-04-19,35.13996,19563,18754,13,0.066452,2.703074,1.796246,1.043137,11,11,902,902,882,instagram,feed,,4,9,13,,,,5,9,,,6,,6,,,,,,,,,,,,,,,,,,,,,,,,,,,,,,,,,,,,,,,,,,,,,,,,,,,,,,,,,,,
120244098314580627,TOFU - Awareness,120244098314590627,Broad Lifestyle,2026-04-13,2026-04-19,7.099992,5103,5103,0,0,,1.391337,1,0,,669,669,669,instagram,instagram_explore_grid_home,,,,,,,,,,,,,,,,,,,,,,,,,,,,,,,,,,,,,,,,,,,,,,,,,,,,,,,,,,,,,,,,,,,,,,,,,
120244098314580627,TOFU - Awareness,120244098314590627,Broad Lifestyle,2026-04-13,2026-04-19,8237.740567,4358422,3501886,2708,0.062133,3.042002,1.890074,1.244593,1058,1058,150538,150538,146274,instagram,instagram_reels,3,1244,3206,4450,103,1,1,1858,3102,1,1,182,1,182,18,1,18,18,1,1,1,18,2,1,18,18,1,390,28060,28060,390,390,28060,28060,28060,390,390,,,,1,,,,,,1,,,1,1,,880,,880,,,,880,,,880,,,,,,2,,,2,,
120244098314580627,TOFU - Awareness,120244098314590627,Broad Lifestyle,2026-04-13,2026-04-19,0.459999,345,344,0,0,,1.333332,1.002907,0,,,,,instagram,instagram_search,,,,,,,,,,,,,,,,,,,,,,,,,,,,,,,,,,,,,,,,,,,,,,,,,,,,,,,,,,,,,,,,,,,,,,,,,
120244098314580627,TOFU - Awareness,120244098314590627,Broad Lifestyle,2026-04-13,2026-04-19,17.71998,10049,9290,10,0.099512,1.771998,1.763358,1.081701,6,6,168,168,162,instagram,instagram_stories,,9,,9,,,,0,,,,2,,2,,,,,,,,,,,,,,,,,,,,,,,,,,,,,,,,,,,,,,,,,,,,,,,,,,,,,,,,,,,
120244098314580627,TOFU - Awareness,120244098314590627,Broad Lifestyle,2026-04-13,2026-04-19,0.639999,312,310,0,0,,2.05128,1.006452,0,,33,33,33,threads,threads_feed,,,,,,,,,,,,,,,,,,,,,,,,,,,,,,,,,,,,,,,,,,,,,,,,,,,,,,,,,,,,,,,,,,,,,,,,,
120244098314580627,TOFU - Awareness,120244098314590627,Broad Lifestyle,2026-04-13,2026-04-19,0.24,157,157,0,0,,1.528661,1,0,,19,19,19,whatsapp,status,,,,,,,,,,,,,,,,,,,,,,,,,,,,,,,,,,,,,,,,,,,,,,,,,,,,,,,,,,,,,,,,,,,,,,,,,
120244098314580627,TOFU - Awareness,120244099054990627,Lookalike 5%,2026-04-13,2026-04-19,12.68,5421,4720,8,0.147574,1.585,2.339052,1.148517,2,2,272,272,267,facebook,facebook_reels,,,3,3,,,,3,3,,,,,,,,,,,,,,,,,,,,,,,,,,,,,,,,,,,,,,,,,,,,,,,,,,,,,,,,,,,,,,,,
120244098314580627,TOFU - Awareness,120244099054990627,Lookalike 5%,2026-04-13,2026-04-19,0.89,601,551,1,0.166389,0.89,1.480865,1.090744,1,1,16,16,15,facebook,facebook_stories,,,,,,,,,,,,,,,,,,,,,,,,,,,,,,,,,,,,,,,,,,,,,,,,,,,,,,,,,,,,,,,,,,,,,,,,,
120244098314580627,TOFU - Awareness,120244099054990627,Lookalike 5%,2026-04-13,2026-04-19,0.7,96,89,0,0,,7.291667,1.078652,0,,8,8,8,facebook,feed,,,,,,,,,,,,,,,,,,,,,,,,,,,,,,,,,,,,,,,,,,,,,,,,,,,,,,,,,,,,,,,,,,,,,,,,,
120244098314580627,TOFU - Awareness,120244099054990627,Lookalike 5%,2026-04-13,2026-04-19,0.49,230,164,0,0,,2.130435,1.402439,0,,8,8,8,facebook,marketplace,,,,,,,,,,,,,,,,,,,,,,,,,,,,,,,,,,,,,,,,,,,,,,,,,,,,,,,,,,,,,,,,,,,,,,,,,
120244098314580627,TOFU - Awareness,120244099054990627,Lookalike 5%,2026-04-13,2026-04-19,0,2,2,0,0,,0,1,0,,1,1,1,facebook,search,,,,,,,,,,,,,,,,,,,,,,,,,,,,,,,,,,,,,,,,,,,,,,,,,,,,,,,,,,,,,,,,,,,,,,,,,
120244098314580627,TOFU - Awareness,120244099054990627,Lookalike 5%,2026-04-13,2026-04-19,1.34,753,713,0,0,,1.779548,1.056101,0,,36,36,35,instagram,feed,,,1,1,,,,1,1,,,,,,,,,,,,,,,,,,,,,,,,,,,,,,,,,,,,,,,,,,,,,,,,,,,,,,,,,,,,,,,,
120244098314580627,TOFU - Awareness,120244099054990627,Lookalike 5%,2026-04-13,2026-04-19,0.4,261,260,0,0,,1.532567,1.003846,0,,36,36,36,instagram,instagram_explore_grid_home,,,,,,,,,,,,,,,,,,,,,,,,,,,,,,,,,,,,,,,,,,,,,,,,,,,,,,,,,,,,,,,,,,,,,,,,,
120244098314580627,TOFU - Awareness,120244099054990627,Lookalike 5%,2026-04-13,2026-04-19,344.15,165319,142047,69,0.041737,4.987681,2.081733,1.163833,38,38,5561,5561,5337,instagram,instagram_reels,,59,186,245,3,,,124,183,,,6,,6,,,,,,,,,,,,,,,,,,,,,,,,,,,,,,,,,,,,,,,,,,,,,,,,,,,,,,,,,,,
120244098314580627,TOFU - Awareness,120244099054990627,Lookalike 5%,2026-04-13,2026-04-19,0.03,25,25,0,0,,1.2,1,0,,,,,instagram,instagram_search,,,,,,,,,,,,,,,,,,,,,,,,,,,,,,,,,,,,,,,,,,,,,,,,,,,,,,,,,,,,,,,,,,,,,,,,,
120244098314580627,TOFU - Awareness,120244099054990627,Lookalike 5%,2026-04-13,2026-04-19,0.38,202,197,0,0,,1.881188,1.025381,0,,2,2,2,instagram,instagram_stories,,,,,,,,,,,,,,,,,,,,,,,,,,,,,,,,,,,,,,,,,,,,,,,,,,,,,,,,,,,,,,,,,,,,,,,,,
120244098314580627,TOFU - Awareness,120244099054990627,Lookalike 5%,2026-04-13,2026-04-19,0.1,36,36,0,0,,2.777778,1,0,,6,6,6,threads,threads_feed,,,,,,,,,,,,,,,,,,,,,,,,,,,,,,,,,,,,,,,,,,,,,,,,,,,,,,,,,,,,,,,,,,,,,,,,,
